{"v":"4.6.8","fr":30,"ip":0,"op":90,"w":400,"h":320,"nm":"premium","ddd":0,"assets":[{"id":"image_0","w":240,"h":240,"u":"../../img/","p":"img_0.jpg"}],"fonts":{"list":[{"fName":"OpenSans-Bold","fFamily":"Open Sans","fStyle":"Bold","ascent":75.9994506835938}]},"layers":[{"ddd":0,"ind":1,"ty":4,"nm":"crown","ks":{"o":{"a":0,"k":100},"r":{"a":0,"k":0},"p":{"a":0,"k":[105,146.8,0]},"a":{"a":0,"k":[0,0,0]},"s":{"a":0,"k":[100,100,100]}},"ao":0,"shapes":[{"ty":"gr","it":[{"ind":0,"ty":"sh","ix":1,"ks":{"a":0,"k":{"i":[[0.19,0.14],[0.22,-0.09],[0,0],[0,0],[0.18,0],[0.12,-0.11],[0,0],[0,0],[0.19,-0.13],[-0.08,-0.21],[0,0],[-0.28,0],[0,0],[-0.08,0.23],[0,0]],"o":[[-0.19,-0.13],[0,0],[0,0],[-0.12,-0.11],[-0.18,0],[0,0],[0,0],[-0.22,-0.09],[-0.19,0.14],[0,0],[0.08,0.23],[0,0],[0.28,0],[0,0],[0.08,-0.21]],"v":[[7.78,-2.81],[7.1,-2.88],[3.68,-1.46],[0.47,-4.62],[0,-4.8],[-0.47,-4.62],[-3.68,-1.46],[-7.1,-2.88],[-7.78,-2.81],[-7.97,-2.24],[-5.6,4.42],[-5,4.8],[5,4.8],[5.6,4.42],[7.97,-2.24]],"c":true}},"nm":"Path 1","mn":"ADBE Vector Shape - Group"},{"ty":"fl","c":{"a":0,"k":[1,0.663462,0,1]},"o":{"a":0,"k":100},"r":1,"nm":"Fill 1","mn":"ADBE Vector Graphic - Fill"},{"ty":"tr","p":{"a":0,"k":[0,0],"ix":2},"a":{"a":0,"k":[0,0],"ix":1},"s":{"a":0,"k":[100,100],"ix":3},"r":{"a":0,"k":0,"ix":6},"o":{"a":0,"k":100,"ix":7},"sk":{"a":0,"k":0,"ix":4},"sa":{"a":0,"k":0,"ix":5},"nm":"Transform"}],"nm":"crown","np":2,"cix":2,"ix":1,"mn":"ADBE Vector Group"}],"ip":0,"op":90,"st":0,"bm":0,"sr":1},{"ddd":0,"ind":2,"ty":4,"nm":"circle","ks":{"o":{"a":0,"k":100},"r":{"a":0,"k":0},"p":{"a":0,"k":[105,147,0]},"a":{"a":0,"k":[0,0,0]},"s":{"a":0,"k":[100,100,100]}},"ao":0,"ef":[{"ty":25,"nm":"Drop Shadow","mn":"ADBE Drop Shadow","ix":1,"en":1,"ef":[{"ty":2,"nm":"Shadow Color","mn":"ADBE Drop Shadow-0001","ix":1,"v":{"a":0,"k":[0,0,0,0.16]}},{"ty":0,"nm":"Opacity","mn":"ADBE Drop Shadow-0002","ix":2,"v":{"a":0,"k":40.8}},{"ty":0,"nm":"Direction","mn":"ADBE Drop Shadow-0003","ix":3,"v":{"a":0,"k":180}},{"ty":0,"nm":"Distance","mn":"ADBE Drop Shadow-0004","ix":4,"v":{"a":0,"k":2}},{"ty":0,"nm":"Softness","mn":"ADBE Drop Shadow-0005","ix":5,"v":{"a":0,"k":4}},{"ty":7,"nm":"Shadow Only","mn":"ADBE Drop Shadow-0006","ix":6,"v":{"a":0,"k":0}},{"ty":7,"nm":"GPU Rendering","mn":"ADBE Force CPU GPU","ix":7,"v":{"a":0,"k":1}}]}],"shapes":[{"ty":"gr","it":[{"d":1,"ty":"el","s":{"a":0,"k":[24,24]},"p":{"a":0,"k":[0,0]},"nm":"Ellipse Path 1","mn":"ADBE Vector Shape - Ellipse"},{"ty":"fl","c":{"a":0,"k":[1,1,1,1]},"o":{"a":0,"k":100},"r":1,"nm":"Fill 1","mn":"ADBE Vector Graphic - Fill"},{"ty":"tr","p":{"a":0,"k":[0,0],"ix":2},"a":{"a":0,"k":[0,0],"ix":1},"s":{"a":0,"k":[100,100],"ix":3},"r":{"a":0,"k":0,"ix":6},"o":{"a":0,"k":100,"ix":7},"sk":{"a":0,"k":0,"ix":4},"sa":{"a":0,"k":0,"ix":5},"nm":"Transform"}],"nm":"circle","np":2,"cix":2,"ix":1,"mn":"ADBE Vector Group"}],"ip":0,"op":90,"st":0,"bm":0,"sr":1},{"ddd":0,"ind":3,"ty":4,"nm":"Ok Icon","ks":{"o":{"a":0,"k":100},"r":{"a":0,"k":0},"p":{"a":0,"k":[272.2,128,0]},"a":{"a":0,"k":[0,0,0]},"s":{"a":0,"k":[100,100,100]}},"ao":0,"shapes":[{"ty":"gr","it":[{"ind":0,"ty":"sh","ix":1,"ks":{"a":0,"k":{"i":[[-0.16,0.16],[0,0],[0.23,0.22],[0.23,-0.21],[0,0],[0,0],[0.23,-0.22],[-0.23,-0.22],[0,0],[-0.23,0]],"o":[[0,0],[0.23,-0.22],[-0.23,-0.21],[0,0],[0,0],[-0.23,-0.22],[-0.23,0.22],[0,0],[0.17,0.16],[0.24,0]],"v":[[-0.55,2.25],[3.33,-1.54],[3.33,-2.34],[2.5,-2.34],[-1.17,1.26],[-2.5,-0.11],[-3.33,-0.11],[-3.33,0.68],[-1.79,2.25],[-1.17,2.5]],"c":true}},"nm":"Path 1","mn":"ADBE Vector Shape - Group"},{"ty":"fl","c":{"a":0,"k":[1,1,1,1]},"o":{"a":0,"k":100},"r":1,"nm":"Fill 1","mn":"ADBE Vector Graphic - Fill"},{"ty":"tr","p":{"a":0,"k":[0,0],"ix":2},"a":{"a":0,"k":[0,0],"ix":1},"s":{"a":0,"k":[100,100],"ix":3},"r":{"a":0,"k":0,"ix":6},"o":{"a":0,"k":100,"ix":7},"sk":{"a":0,"k":0,"ix":4},"sa":{"a":0,"k":0,"ix":5},"nm":"Transform"}],"nm":"Ok Icon","np":2,"cix":2,"ix":1,"mn":"ADBE Vector Group"}],"ip":0,"op":90,"st":0,"bm":0,"sr":1},{"ddd":0,"ind":4,"ty":4,"nm":"Star","ks":{"o":{"a":0,"k":100},"r":{"a":0,"k":0},"p":{"a":0,"k":[272,128,0]},"a":{"a":0,"k":[0,0,0]},"s":{"a":0,"k":[100,100,100]}},"ao":0,"shapes":[{"ty":"gr","it":[{"ind":0,"ty":"sh","ix":1,"ks":{"a":0,"k":{"i":[[0,0],[0,0],[0,0],[0,0],[0,0],[0,0],[0,0],[0,0],[0,0],[0,0],[0,0],[0,0],[0,0],[0,0],[0,0],[0,0],[0,0],[0,0],[0,0],[0,0],[0,0],[0,0],[0,0],[0,0]],"o":[[0,0],[0,0],[0,0],[0,0],[0,0],[0,0],[0,0],[0,0],[0,0],[0,0],[0,0],[0,0],[0,0],[0,0],[0,0],[0,0],[0,0],[0,0],[0,0],[0,0],[0,0],[0,0],[0,0],[0,0]],"v":[[0,6.88],[-2.07,7.73],[-3.44,5.96],[-5.66,5.66],[-5.96,3.44],[-7.73,2.07],[-6.88,0],[-7.73,-2.07],[-5.96,-3.44],[-5.66,-5.66],[-3.44,-5.96],[-2.07,-7.73],[0,-6.88],[2.07,-7.73],[3.44,-5.96],[5.66,-5.66],[5.96,-3.44],[7.73,-2.07],[6.88,0],[7.73,2.07],[5.96,3.44],[5.66,5.66],[3.44,5.96],[2.07,7.73]],"c":true}},"nm":"Path 1","mn":"ADBE Vector Shape - Group"},{"ty":"fl","c":{"a":0,"k":[0.298039,0.443137,0.952941,1]},"o":{"a":0,"k":100},"r":1,"nm":"Fill 1","mn":"ADBE Vector Graphic - Fill"},{"ty":"tr","p":{"a":0,"k":[0,0],"ix":2},"a":{"a":0,"k":[0,0],"ix":1},"s":{"a":0,"k":[100,100],"ix":3},"r":{"a":0,"k":0,"ix":6},"o":{"a":0,"k":100,"ix":7},"sk":{"a":0,"k":0,"ix":4},"sa":{"a":0,"k":0,"ix":5},"nm":"Transform"}],"nm":"Star","np":2,"cix":2,"ix":1,"mn":"ADBE Vector Group"}],"ip":0,"op":90,"st":0,"bm":0,"sr":1},{"ddd":0,"ind":5,"ty":5,"nm":"Артем SMOL","ks":{"o":{"a":0,"k":100},"r":{"a":0,"k":0},"p":{"a":0,"k":[127,134.502,0]},"a":{"a":0,"k":[0,0,0]},"s":{"a":0,"k":[100,100,100]}},"ao":0,"t":{"d":{"k":[{"s":{"s":20,"f":"OpenSans-Bold","t":"Артем SMOL","j":0,"tr":0,"lh":24,"ls":0,"fc":[0.55,0.56,0.65]},"t":0}]},"p":{},"m":{"g":1,"a":{"a":0,"k":[0,0]}},"a":[]},"ip":0,"op":90,"st":0,"bm":0,"sr":1},{"ddd":0,"ind":6,"ty":4,"nm":"crown","parent":7,"ks":{"o":{"a":0,"k":100},"r":{"a":0,"k":0},"p":{"a":0,"k":[0,-0.52,0]},"a":{"a":0,"k":[0,0,0]},"s":{"a":0,"k":[100,100,100]}},"ao":0,"shapes":[{"ty":"gr","it":[{"ind":0,"ty":"sh","ix":1,"ks":{"a":0,"k":{"i":[[0.18,0.14],[0.22,-0.09],[0,0],[0,0],[0.18,0],[0.12,-0.11],[0,0],[0,0],[0.19,-0.13],[-0.07,-0.2],[0,0],[-0.27,0],[0,0],[-0.08,0.22],[0,0]],"o":[[-0.19,-0.13],[0,0],[0,0],[-0.12,-0.11],[-0.18,0],[0,0],[0,0],[-0.22,-0.09],[-0.18,0.14],[0,0],[0.08,0.22],[0,0],[0.26,0],[0,0],[0.07,-0.2]],"v":[[7.59,-2.74],[6.92,-2.81],[3.59,-1.42],[0.46,-4.5],[0,-4.68],[-0.46,-4.5],[-3.59,-1.42],[-6.92,-2.81],[-7.59,-2.74],[-7.77,-2.19],[-5.46,4.31],[-4.87,4.68],[4.88,4.68],[5.46,4.31],[7.77,-2.19]],"c":true}},"nm":"Path 1","mn":"ADBE Vector Shape - Group"},{"ty":"fl","c":{"a":0,"k":[1,0.663462,0,1]},"o":{"a":0,"k":100},"r":1,"nm":"Fill 1","mn":"ADBE Vector Graphic - Fill"},{"ty":"tr","p":{"a":0,"k":[0,0],"ix":2},"a":{"a":0,"k":[0,0],"ix":1},"s":{"a":0,"k":[100,100],"ix":3},"r":{"a":0,"k":0,"ix":6},"o":{"a":0,"k":100,"ix":7},"sk":{"a":0,"k":0,"ix":4},"sa":{"a":0,"k":0,"ix":5},"nm":"Transform"}],"nm":"crown","np":2,"cix":2,"ix":1,"mn":"ADBE Vector Group"}],"ip":0,"op":90,"st":0,"bm":0,"sr":1},{"ddd":0,"ind":7,"ty":4,"nm":"rect","parent":12,"ks":{"o":{"a":0,"k":100},"r":{"a":0,"k":0},"p":{"a":0,"k":[-119.6,0,0]},"a":{"a":0,"k":[0,0,0]},"s":{"a":1,"k":[{"i":{"x":[0.426,0.426,0.667],"y":[1,1,0.667]},"o":{"x":[0.599,0.599,0.333],"y":[0,0,0.333]},"n":["0p426_1_0p599_0","0p426_1_0p599_0","0p667_0p667_0p333_0p333"],"t":13,"s":[100,100,100],"e":[120,120,100]},{"i":{"x":[0.266,0.266,0.667],"y":[1,1,0.667]},"o":{"x":[0.777,0.777,0.333],"y":[0,0,0.333]},"n":["0p266_1_0p777_0","0p266_1_0p777_0","0p667_0p667_0p333_0p333"],"t":20,"s":[120,120,100],"e":[90,90,100]},{"i":{"x":[0.482,0.482,0.667],"y":[1,1,0.667]},"o":{"x":[0.538,0.538,0.333],"y":[0,0,0.333]},"n":["0p482_1_0p538_0","0p482_1_0p538_0","0p667_0p667_0p333_0p333"],"t":25,"s":[90,90,100],"e":[100,100,100]},{"t":30}]}},"ao":0,"ef":[{"ty":25,"nm":"Drop Shadow","mn":"ADBE Drop Shadow","ix":1,"en":1,"ef":[{"ty":2,"nm":"Shadow Color","mn":"ADBE Drop Shadow-0001","ix":1,"v":{"a":0,"k":[0,0,0,0.16]}},{"ty":0,"nm":"Opacity","mn":"ADBE Drop Shadow-0002","ix":2,"v":{"a":0,"k":40.8}},{"ty":0,"nm":"Direction","mn":"ADBE Drop Shadow-0003","ix":3,"v":{"a":0,"k":180}},{"ty":0,"nm":"Distance","mn":"ADBE Drop Shadow-0004","ix":4,"v":{"a":0,"k":1}},{"ty":0,"nm":"Softness","mn":"ADBE Drop Shadow-0005","ix":5,"v":{"a":0,"k":3}},{"ty":7,"nm":"Shadow Only","mn":"ADBE Drop Shadow-0006","ix":6,"v":{"a":0,"k":0}},{"ty":7,"nm":"GPU Rendering","mn":"ADBE Force CPU GPU","ix":7,"v":{"a":0,"k":1}}]}],"shapes":[{"ty":"gr","it":[{"ty":"rc","d":1,"s":{"a":0,"k":[31.2,31.2]},"p":{"a":0,"k":[0,0]},"r":{"a":0,"k":3.9},"nm":"Rectangle Path 1","mn":"ADBE Vector Shape - Rect"},{"ty":"fl","c":{"a":0,"k":[1,1,1,1]},"o":{"a":0,"k":100},"r":1,"nm":"Fill 1","mn":"ADBE Vector Graphic - Fill"},{"ty":"tr","p":{"a":0,"k":[0,0],"ix":2},"a":{"a":0,"k":[0,0],"ix":1},"s":{"a":0,"k":[100,100],"ix":3},"r":{"a":0,"k":0,"ix":6},"o":{"a":0,"k":100,"ix":7},"sk":{"a":0,"k":0,"ix":4},"sa":{"a":0,"k":0,"ix":5},"nm":"Transform"}],"nm":"rect","np":2,"cix":2,"ix":1,"mn":"ADBE Vector Group"}],"ip":0,"op":90,"st":0,"bm":0,"sr":1},{"ddd":0,"ind":8,"ty":5,"nm":"Только премиум","parent":12,"ks":{"o":{"a":0,"k":100},"r":{"a":0,"k":0},"p":{"a":0,"k":[-94.9,6.592,0]},"a":{"a":0,"k":[0,0,0]},"s":{"a":0,"k":[100,100,100]}},"ao":0,"t":{"d":{"k":[{"s":{"s":18.2000007629395,"f":"OpenSans-Bold","t":"Только премиум","j":0,"tr":0,"lh":21.8400009155273,"ls":0,"fc":[0.55,0.56,0.65]},"t":0}]},"p":{},"m":{"g":1,"a":{"a":0,"k":[0,0]}},"a":[]},"ip":0,"op":90,"st":0,"bm":0,"sr":1},{"ddd":0,"ind":9,"ty":4,"nm":"switch","parent":11,"ks":{"o":{"a":0,"k":100},"r":{"a":0,"k":0},"p":{"a":1,"k":[{"i":{"x":0.454,"y":1},"o":{"x":0.606,"y":0},"n":"0p454_1_0p606_0","t":10,"s":[-12,0,0],"e":[13,0,0],"to":[4.16666650772095,0,0],"ti":[-4.16666650772095,0,0]},{"i":{"x":0.454,"y":0.454},"o":{"x":0.333,"y":0.333},"n":"0p454_0p454_0p333_0p333","t":17.5,"s":[13,0,0],"e":[13,0,0],"to":[0,0,0],"ti":[0,0,0]},{"i":{"x":0.667,"y":1},"o":{"x":0.333,"y":0},"n":"0p667_1_0p333_0","t":62.5,"s":[13,0,0],"e":[-12,0,0],"to":[-4.16666650772095,0,0],"ti":[4.16666650772095,0,0]},{"t":70.5}]},"a":{"a":0,"k":[0,0,0]},"s":{"a":0,"k":[100,100,100]}},"ao":0,"ef":[{"ty":25,"nm":"Drop Shadow","mn":"ADBE Drop Shadow","ix":1,"en":1,"ef":[{"ty":2,"nm":"Shadow Color","mn":"ADBE Drop Shadow-0001","ix":1,"v":{"a":0,"k":[0,0,0,0.379289]}},{"ty":0,"nm":"Opacity","mn":"ADBE Drop Shadow-0002","ix":2,"v":{"a":0,"k":96.719}},{"ty":0,"nm":"Direction","mn":"ADBE Drop Shadow-0003","ix":3,"v":{"a":0,"k":180}},{"ty":0,"nm":"Distance","mn":"ADBE Drop Shadow-0004","ix":4,"v":{"a":0,"k":1}},{"ty":0,"nm":"Softness","mn":"ADBE Drop Shadow-0005","ix":5,"v":{"a":0,"k":4}},{"ty":7,"nm":"Shadow Only","mn":"ADBE Drop Shadow-0006","ix":6,"v":{"a":0,"k":0}},{"ty":7,"nm":"GPU Rendering","mn":"ADBE Force CPU GPU","ix":7,"v":{"a":0,"k":1}}]}],"shapes":[{"ty":"gr","it":[{"ty":"rc","d":1,"s":{"a":0,"k":[31.2,31.2]},"p":{"a":0,"k":[0,0]},"r":{"a":0,"k":15.6},"nm":"Rectangle Path 1","mn":"ADBE Vector Shape - Rect"},{"ty":"fl","c":{"a":0,"k":[1,1,1,1]},"o":{"a":0,"k":100},"r":1,"nm":"Fill 1","mn":"ADBE Vector Graphic - Fill"},{"ty":"tr","p":{"a":0,"k":[0,0],"ix":2},"a":{"a":0,"k":[0,0],"ix":1},"s":{"a":0,"k":[100,100],"ix":3},"r":{"a":0,"k":0,"ix":6},"o":{"a":0,"k":100,"ix":7},"sk":{"a":0,"k":0,"ix":4},"sa":{"a":0,"k":0,"ix":5},"nm":"Transform"}],"nm":"switch","np":2,"cix":2,"ix":1,"mn":"ADBE Vector Group"}],"ip":0,"op":90,"st":0,"bm":0,"sr":1},{"ddd":0,"ind":10,"ty":4,"nm":"pass 2","parent":11,"ks":{"o":{"a":0,"k":100},"r":{"a":0,"k":0},"p":{"a":0,"k":[0,0,0]},"a":{"a":0,"k":[0,0,0]},"s":{"a":0,"k":[100,100,100]}},"ao":0,"shapes":[{"ty":"gr","it":[{"ty":"rc","d":1,"s":{"a":0,"k":[60.686,35.4]},"p":{"a":0,"k":[0,0]},"r":{"a":0,"k":20.8},"nm":"Rectangle Path 1","mn":"ADBE Vector Shape - Rect"},{"ty":"st","c":{"a":0,"k":[0.8705882,0.8862745,0.9294118,1]},"o":{"a":1,"k":[{"i":{"x":[0.454],"y":[1]},"o":{"x":[0.606],"y":[0]},"n":["0p454_1_0p606_0"],"t":10,"s":[100],"e":[1]},{"i":{"x":[0.454],"y":[0.454]},"o":{"x":[0.333],"y":[0.333]},"n":["0p454_0p454_0p333_0p333"],"t":17.5,"s":[1],"e":[1]},{"i":{"x":[0.667],"y":[1]},"o":{"x":[0.333],"y":[0]},"n":["0p667_1_0p333_0"],"t":62.5,"s":[1],"e":[100]},{"t":70.5}]},"w":{"a":0,"k":2.5},"lc":1,"lj":1,"ml":4,"nm":"Stroke 1","mn":"ADBE Vector Graphic - Stroke"},{"ty":"tr","p":{"a":0,"k":[0,0],"ix":2},"a":{"a":0,"k":[0,0],"ix":1},"s":{"a":0,"k":[100,100],"ix":3},"r":{"a":0,"k":0,"ix":6},"o":{"a":0,"k":100,"ix":7},"sk":{"a":0,"k":0,"ix":4},"sa":{"a":0,"k":0,"ix":5},"nm":"Transform"}],"nm":"pass","np":2,"cix":2,"ix":1,"mn":"ADBE Vector Group"}],"ip":0,"op":90,"st":0,"bm":0,"sr":1},{"ddd":0,"ind":11,"ty":4,"nm":"pass","parent":12,"ks":{"o":{"a":0,"k":100},"r":{"a":0,"k":0},"p":{"a":0,"k":[104,0,0]},"a":{"a":0,"k":[0,0,0]},"s":{"a":0,"k":[100,100,100]}},"ao":0,"shapes":[{"ty":"gr","it":[{"ty":"rc","d":1,"s":{"a":0,"k":[62.4,36.4]},"p":{"a":0,"k":[0,0]},"r":{"a":0,"k":20.8},"nm":"Rectangle Path 1","mn":"ADBE Vector Shape - Rect"},{"ty":"fl","c":{"a":1,"k":[{"i":{"x":[0.454],"y":[0.454]},"o":{"x":[0.606],"y":[0.606]},"n":["0p454_0p454_0p606_0p606"],"t":10,"s":[1,1,1,1],"e":[1,0.663462,0,1]},{"i":{"x":[0.454],"y":[0.454]},"o":{"x":[0.333],"y":[0.333]},"n":["0p454_0p454_0p333_0p333"],"t":17.5,"s":[1,0.663462,0,1],"e":[1,0.663462,0,1]},{"i":{"x":[0.667],"y":[0.667]},"o":{"x":[0.333],"y":[0.333]},"n":["0p667_0p667_0p333_0p333"],"t":62.5,"s":[1,0.663462,0,1],"e":[1,1,1,1]},{"t":70.5}]},"o":{"a":0,"k":100},"r":1,"nm":"Fill 1","mn":"ADBE Vector Graphic - Fill"},{"ty":"tr","p":{"a":0,"k":[0,0],"ix":2},"a":{"a":0,"k":[0,0],"ix":1},"s":{"a":0,"k":[100,100],"ix":3},"r":{"a":0,"k":0,"ix":6},"o":{"a":0,"k":100,"ix":7},"sk":{"a":0,"k":0,"ix":4},"sa":{"a":0,"k":0,"ix":5},"nm":"Transform"}],"nm":"pass","np":2,"cix":2,"ix":1,"mn":"ADBE Vector Group"}],"ip":0,"op":90,"st":0,"bm":0,"sr":1},{"ddd":0,"ind":12,"ty":4,"nm":"listbg","ks":{"o":{"a":0,"k":100},"r":{"a":0,"k":0},"p":{"a":1,"k":[{"i":{"x":0.517,"y":1},"o":{"x":0.641,"y":0},"n":"0p517_1_0p641_0","t":12,"s":[226,198.2,0],"e":[241,198.2,0],"to":[2.5,0,0],"ti":[0.66666668653488,0,0]},{"i":{"x":0,"y":1},"o":{"x":1,"y":0},"n":"0_1_1_0","t":18.5,"s":[241,198.2,0],"e":[222,198.2,0],"to":[-0.66666668653488,0,0],"ti":[2.5,0,0]},{"i":{"x":0.277,"y":1},"o":{"x":1,"y":0},"n":"0p277_1_1_0","t":23.5,"s":[222,198.2,0],"e":[226,198.2,0],"to":[-2.5,0,0],"ti":[-0.66666668653488,0,0]},{"i":{"x":0.277,"y":0.277},"o":{"x":0.167,"y":0.167},"n":"0p277_0p277_0p167_0p167","t":28.5,"s":[226,198.2,0],"e":[226,198.2,0],"to":[0,0,0],"ti":[0,0,0]},{"i":{"x":0.277,"y":1},"o":{"x":0.167,"y":0},"n":"0p277_1_0p167_0","t":65,"s":[226,198.2,0],"e":[220,198.2,0],"to":[-1,0,0],"ti":[0,0,0]},{"i":{"x":0.667,"y":1},"o":{"x":0.167,"y":0},"n":"0p667_1_0p167_0","t":72,"s":[220,198.2,0],"e":[226,198.2,0],"to":[0,0,0],"ti":[-1,0,0]},{"t":78}]},"a":{"a":0,"k":[0,0,0]},"s":{"a":0,"k":[100,100,100]}},"ao":0,"ef":[{"ty":25,"nm":"Drop Shadow","mn":"ADBE Drop Shadow","ix":1,"en":1,"ef":[{"ty":2,"nm":"Shadow Color","mn":"ADBE Drop Shadow-0001","ix":1,"v":{"a":0,"k":[0.109804,0.12549,0.27451,0.17]}},{"ty":0,"nm":"Opacity","mn":"ADBE Drop Shadow-0002","ix":2,"v":{"a":0,"k":43.35}},{"ty":0,"nm":"Direction","mn":"ADBE Drop Shadow-0003","ix":3,"v":{"a":0,"k":180}},{"ty":0,"nm":"Distance","mn":"ADBE Drop Shadow-0004","ix":4,"v":{"a":0,"k":2}},{"ty":0,"nm":"Softness","mn":"ADBE Drop Shadow-0005","ix":5,"v":{"a":0,"k":15}},{"ty":7,"nm":"Shadow Only","mn":"ADBE Drop Shadow-0006","ix":6,"v":{"a":0,"k":0}},{"ty":7,"nm":"GPU Rendering","mn":"ADBE Force CPU GPU","ix":7,"v":{"a":0,"k":1}}]}],"shapes":[{"ty":"gr","it":[{"ty":"rc","d":1,"s":{"a":0,"k":[312,62.4]},"p":{"a":0,"k":[0,0]},"r":{"a":0,"k":7.8},"nm":"Rectangle Path 1","mn":"ADBE Vector Shape - Rect"},{"ty":"fl","c":{"a":0,"k":[1,1,1,1]},"o":{"a":0,"k":100},"r":1,"nm":"Fill 1","mn":"ADBE Vector Graphic - Fill"},{"ty":"tr","p":{"a":0,"k":[0,0],"ix":2},"a":{"a":0,"k":[0,0],"ix":1},"s":{"a":0,"k":[100,100],"ix":3},"r":{"a":0,"k":0,"ix":6},"o":{"a":0,"k":100,"ix":7},"sk":{"a":0,"k":0,"ix":4},"sa":{"a":0,"k":0,"ix":5},"nm":"Transform"}],"nm":"listbg","np":2,"cix":2,"ix":1,"mn":"ADBE Vector Group"}],"ip":0,"op":90,"st":0,"bm":0,"sr":1},{"ddd":0,"ind":13,"ty":2,"nm":"Bitmap","refId":"image_0","ks":{"o":{"a":0,"k":100},"r":{"a":0,"k":0},"p":{"a":0,"k":[81,125,0]},"a":{"a":0,"k":[120,120,0]},"s":{"a":0,"k":[25,25,100]}},"ao":0,"ip":0,"op":90,"st":0,"bm":0,"sr":1},{"ddd":0,"ind":14,"ty":4,"nm":"bg","ks":{"o":{"a":0,"k":100},"r":{"a":0,"k":0},"p":{"a":0,"k":[178,169.5,0]},"a":{"a":0,"k":[0,0,0]},"s":{"a":0,"k":[100,100,100]}},"ao":0,"ef":[{"ty":25,"nm":"Drop Shadow","mn":"ADBE Drop Shadow","ix":1,"en":1,"ef":[{"ty":2,"nm":"Shadow Color","mn":"ADBE Drop Shadow-0001","ix":1,"v":{"a":0,"k":[0.109804,0.12549,0.27451,0.17]}},{"ty":0,"nm":"Opacity","mn":"ADBE Drop Shadow-0002","ix":2,"v":{"a":0,"k":43.35}},{"ty":0,"nm":"Direction","mn":"ADBE Drop Shadow-0003","ix":3,"v":{"a":0,"k":180}},{"ty":0,"nm":"Distance","mn":"ADBE Drop Shadow-0004","ix":4,"v":{"a":0,"k":2}},{"ty":0,"nm":"Softness","mn":"ADBE Drop Shadow-0005","ix":5,"v":{"a":0,"k":15}},{"ty":7,"nm":"Shadow Only","mn":"ADBE Drop Shadow-0006","ix":6,"v":{"a":0,"k":0}},{"ty":7,"nm":"GPU Rendering","mn":"ADBE Force CPU GPU","ix":7,"v":{"a":0,"k":1}}]}],"shapes":[{"ty":"gr","it":[{"ty":"rc","d":1,"s":{"a":0,"k":[280,171]},"p":{"a":0,"k":[0,0]},"r":{"a":0,"k":6},"nm":"Rectangle Path 1","mn":"ADBE Vector Shape - Rect"},{"ty":"fl","c":{"a":0,"k":[1,1,1,1]},"o":{"a":0,"k":100},"r":1,"nm":"Fill 1","mn":"ADBE Vector Graphic - Fill"},{"ty":"tr","p":{"a":0,"k":[0,0],"ix":2},"a":{"a":0,"k":[0,0],"ix":1},"s":{"a":0,"k":[100,100],"ix":3},"r":{"a":0,"k":0,"ix":6},"o":{"a":0,"k":100,"ix":7},"sk":{"a":0,"k":0,"ix":4},"sa":{"a":0,"k":0,"ix":5},"nm":"Transform"}],"nm":"bg","np":2,"cix":2,"ix":1,"mn":"ADBE Vector Group"}],"ip":0,"op":90,"st":0,"bm":0,"sr":1},{"ddd":0,"ind":15,"ty":4,"nm":"CircleBG","ks":{"o":{"a":0,"k":100},"r":{"a":0,"k":0},"p":{"a":1,"k":[{"i":{"x":0.833,"y":0.833},"o":{"x":0.167,"y":0.167},"n":"0p833_0p833_0p167_0p167","t":0,"s":[281.5,125,0],"e":[269.5,113,0],"to":[-2,-2,0],"ti":[-1.00963664054871,0.65702998638153,0]},{"i":{"x":0.833,"y":0.833},"o":{"x":0.167,"y":0.167},"n":"0p833_0p833_0p167_0p167","t":29,"s":[269.5,113,0],"e":[287.558,121.058,0],"to":[1.00963664054871,-0.65702998638153,0],"ti":[-2,-2,0]},{"i":{"x":0.833,"y":0.833},"o":{"x":0.167,"y":0.167},"n":"0p833_0p833_0p167_0p167","t":65.5,"s":[287.558,121.058,0],"e":[281.5,125,0],"to":[2,2,0],"ti":[1.00963664054871,-0.65702998638153,0]},{"t":90.5}]},"a":{"a":0,"k":[0,0,0]},"s":{"a":0,"k":[100,100,100]}},"ao":0,"shapes":[{"ty":"gr","it":[{"ind":0,"ty":"sh","ix":1,"ks":{"a":0,"k":{"i":[[-49.43,0],[0,49.71],[49.43,0],[0,-49.71]],"o":[[49.43,0],[0,-49.71],[-49.43,0],[0,49.71]],"v":[[0,90],[89.5,0],[0,-90],[-89.5,0]],"c":true}},"nm":"Path 1","mn":"ADBE Vector Shape - Group"},{"ty":"gf","o":{"a":0,"k":100},"r":1,"g":{"p":5,"k":{"a":0,"k":[0,0.129,0.82,1,0.245,0.184,0.678,1,0.49,0.239,0.537,1,0.745,0.333,0.388,0.925,1,0.427,0.239,0.851]}},"s":{"a":0,"k":[-47.159,-71.677]},"e":{"a":0,"k":[49.971,68.521]},"t":1,"nm":"Gradient Fill 1","mn":"ADBE Vector Graphic - G-Fill"},{"ty":"tr","p":{"a":0,"k":[0,0],"ix":2},"a":{"a":0,"k":[0,0],"ix":1},"s":{"a":0,"k":[100,100],"ix":3},"r":{"a":0,"k":0,"ix":6},"o":{"a":0,"k":100,"ix":7},"sk":{"a":0,"k":0,"ix":4},"sa":{"a":0,"k":0,"ix":5},"nm":"Transform"}],"nm":"CircleBG","np":2,"cix":2,"ix":1,"mn":"ADBE Vector Group"}],"ip":0,"op":90,"st":0,"bm":0,"sr":1}],"chars":[{"ch":"Т","size":18.2000007629395,"style":"Bold","w":57.91,"data":{"shapes":[{"ty":"gr","it":[{"ind":0,"ty":"sh","ix":1,"ks":{"a":0,"k":{"i":[[36.523,-58.789],[55.908,-58.789],[55.908,-71.387],[2.002,-71.387],[2.002,-58.789],[21.387,-58.789],[21.387,0],[36.523,0]],"o":[[36.523,-58.789],[55.908,-58.789],[55.908,-71.387],[2.002,-71.387],[2.002,-58.789],[21.387,-58.789],[21.387,0],[36.523,0]],"v":[[36.523,-58.789],[55.908,-58.789],[55.908,-71.387],[2.002,-71.387],[2.002,-58.789],[21.387,-58.789],[21.387,0],[36.523,0]],"c":true}},"nm":"Т","mn":"ADBE Vector Shape - Group"}],"nm":"Т","np":3,"cix":2,"ix":1,"mn":"ADBE Vector Group"},{"ty":"gr","it":[{"ind":0,"ty":"sh","ix":1,"ks":{"a":0,"k":{"i":[[0,0],[0,0],[0,0],[0,0],[0,0],[0,0],[0,0],[0,0]],"o":[[0,0],[0,0],[0,0],[0,0],[0,0],[0,0],[0,0],[0,0]],"v":[[94.434,-58.789],[113.818,-58.789],[113.818,-71.387],[59.912,-71.387],[59.912,-58.789],[79.297,-58.789],[79.297,0],[94.434,0]],"c":true}},"nm":"Т","mn":"ADBE Vector Shape - Group"}],"nm":"Т","np":3,"cix":2,"ix":2,"mn":"ADBE Vector Group"}]},"fFamily":"Open Sans"},{"ch":"о","size":18.2000007629395,"style":"Bold","w":61.91,"data":{"shapes":[{"ty":"gr","it":[{"ind":0,"ty":"sh","ix":1,"ks":{"a":0,"k":{"i":[[20.556,-36.889],[26.936,-43.604],[37.793,-42.253],[42.188,-32.796],[41.316,-17.862],[34.977,-10.986],[24.113,-12.37],[19.678,-21.989]],"o":[[24.072,-42.261],[34.912,-43.604],[41.309,-36.849],[42.188,-21.956],[37.833,-12.361],[27.002,-10.986],[20.564,-17.903],[19.678,-32.829]],"v":[[22.314,-39.575],[30.908,-43.604],[39.551,-39.551],[42.188,-27.393],[39.575,-15.112],[31.006,-10.986],[22.339,-15.137],[19.678,-27.393]],"c":true}},"nm":"о","mn":"ADBE Vector Shape - Group"},{"ind":1,"ty":"sh","ix":2,"ks":{"a":0,"k":{"i":[[56.347,-38.118],[48.975,-49.918],[36.345,-55.615],[16.13,-53.141],[4.492,-36.312],[5.567,-16.651],[12.939,-4.761],[25.57,0.977],[45.703,-1.53],[57.422,-18.506]],"o":[[52.051,-46.647],[40.967,-54.475],[22.673,-55.615],[6.82,-43.245],[4.492,-21.663],[9.863,-8.057],[20.947,-0.171],[39.177,0.977],[55.079,-11.556],[57.422,-33.122]],"v":[[54.199,-42.383],[44.971,-52.197],[31.104,-55.615],[11.475,-48.193],[4.492,-27.393],[7.715,-12.354],[16.943,-2.466],[30.811,0.977],[50.391,-6.543],[57.422,-27.393]],"c":true}},"nm":"о","mn":"ADBE Vector Shape - Group"}],"nm":"о","np":5,"cix":2,"ix":1,"mn":"ADBE Vector Group"},{"ty":"gr","it":[{"ind":0,"ty":"sh","ix":1,"ks":{"a":0,"k":{"i":[[-1.758,2.686],[-3.972,0],[-1.758,-2.702],[0,-5.403],[1.741,-2.75],[3.971,0],[1.774,2.767],[0,5.404]],"o":[[1.758,-2.686],[4.004,0],[1.758,2.702],[0,5.437],[-1.742,2.751],[-4.004,0],[-1.775,-2.766],[0,-5.436]],"v":[[84.229,-39.575],[92.822,-43.604],[101.465,-39.551],[104.102,-27.393],[101.489,-15.112],[92.92,-10.986],[84.253,-15.137],[81.592,-27.393]],"c":true}},"nm":"о","mn":"ADBE Vector Shape - Group"},{"ind":1,"ty":"sh","ix":2,"ks":{"a":0,"k":{"i":[[2.148,4.265],[4.004,2.279],[5.241,0],[4.655,-4.948],[0,-8.919],[-2.148,-4.297],[-4.004,-2.295],[-5.241,0],[-4.688,5.013],[0,8.887]],"o":[[-2.148,-4.264],[-4.004,-2.278],[-8.431,0],[-4.655,4.948],[0,5.73],[2.148,4.297],[4.004,2.295],[8.366,0],[4.688,-5.013],[0,-5.729]],"v":[[116.113,-42.383],[106.885,-52.197],[93.018,-55.615],[73.389,-48.193],[66.406,-27.393],[69.629,-12.354],[78.857,-2.466],[92.725,0.977],[112.305,-6.543],[119.336,-27.393]],"c":true}},"nm":"о","mn":"ADBE Vector Shape - Group"},{"ty":"mm","mm":1,"nm":"Merge Paths 1","mn":"ADBE Vector Filter - Merge"}],"nm":"о","np":5,"cix":2,"ix":2,"mn":"ADBE Vector Group"}]},"fFamily":"Open Sans"},{"ch":"л","size":18.2000007629395,"style":"Bold","w":64.5,"data":{"shapes":[{"ty":"gr","it":[{"ind":0,"ty":"sh","ix":1,"ks":{"a":0,"k":{"i":[[56.689,-54.59],[15.381,-54.59],[13.81,-35.115],[10.701,-18.196],[6.64,-11.523],[1.595,-11.848],[0,-0.586],[5.045,0.977],[15.796,-0.366],[22.77,-10.083],[27.034,-31.201],[41.797,-43.408],[41.797,0],[56.689,0]],"o":[[56.689,-54.59],[14.665,-43.685],[11.824,-22.648],[8.194,-12.857],[3.19,-11.523],[0,-12.5],[2.213,0.455],[12.532,0.977],[20.776,-5.738],[25.765,-22.095],[28.076,-43.408],[41.797,-43.408],[41.797,0],[56.689,0]],"v":[[56.689,-54.59],[15.381,-54.59],[12.817,-28.882],[9.448,-15.527],[4.785,-11.523],[0,-12.5],[0,-0.586],[8.496,0.977],[18.286,-3.052],[24.268,-16.089],[28.076,-43.408],[41.797,-43.408],[41.797,0],[56.689,0]],"c":true}},"nm":"л","mn":"ADBE Vector Shape - Group"}],"nm":"л","np":3,"cix":2,"ix":1,"mn":"ADBE Vector Group"},{"ty":"gr","it":[{"ind":0,"ty":"sh","ix":1,"ks":{"a":0,"k":{"i":[[0,0],[0,0],[0.993,-6.233],[1.253,-2.669],[1.855,0],[1.595,0.652],[0,0],[-3.451,0],[-2.49,2.686],[-1.498,6.006],[-1.042,12.207],[0,0],[0,0],[0,0]],"o":[[0,0],[-0.716,10.905],[-0.993,6.234],[-1.254,2.67],[-1.595,0],[0,0],[2.213,1.041],[4.036,0],[2.49,-2.686],[1.497,-6.006],[0,0],[0,0],[0,0],[0,0]],"v":[[121.191,-54.59],[79.883,-54.59],[77.319,-28.882],[73.95,-15.527],[69.287,-11.523],[64.502,-12.5],[64.502,-0.586],[72.998,0.977],[82.788,-3.052],[88.77,-16.089],[92.578,-43.408],[106.299,-43.408],[106.299,0],[121.191,0]],"c":true}},"nm":"л","mn":"ADBE Vector Shape - Group"}],"nm":"л","np":3,"cix":2,"ix":2,"mn":"ADBE Vector Group"}]},"fFamily":"Open Sans"},{"ch":"ь","size":18.2000007629395,"style":"Bold","w":61.38,"data":{"shapes":[{"ty":"gr","it":[{"ind":0,"ty":"sh","ix":1,"ks":{"a":0,"k":{"i":[[22.705,-54.59],[7.812,-54.59],[7.812,0],[33.789,0],[57.91,-5.794],[55.891,-26.822],[41.601,-33.496],[22.705,-33.496]],"o":[[22.705,-54.59],[7.812,-54.59],[7.812,0],[49.869,0],[57.91,-22.786],[47.818,-32.161],[33.203,-33.496],[22.705,-33.496]],"v":[[22.705,-54.59],[7.812,-54.59],[7.812,0],[33.789,0],[57.91,-17.383],[51.855,-29.492],[33.203,-33.496],[22.705,-33.496]],"c":true}},"nm":"ь","mn":"ADBE Vector Shape - Group"},{"ind":1,"ty":"sh","ix":2,"ks":{"a":0,"k":{"i":[[39.713,-10.303],[22.705,-10.303],[22.705,-23.193],[32.91,-23.193],[38.786,-22.721],[43.018,-19.304]],"o":[[33.105,-10.303],[22.705,-10.303],[22.705,-23.193],[36.262,-23.193],[42.171,-20.832],[43.018,-12.598]],"v":[[33.105,-10.303],[22.705,-10.303],[22.705,-23.193],[32.91,-23.193],[40.479,-21.777],[43.018,-17.188]],"c":true}},"nm":"ь","mn":"ADBE Vector Shape - Group"}],"nm":"ь","np":5,"cix":2,"ix":1,"mn":"ADBE Vector Group"},{"ty":"gr","it":[{"ind":0,"ty":"sh","ix":1,"ks":{"a":0,"k":{"i":[[0,0],[0,0],[0,0],[0,0],[0,11.589],[4.036,2.67],[8.398,0],[0,0]],"o":[[0,0],[0,0],[0,0],[16.08,0],[0,-5.403],[-4.037,-2.669],[0,0],[0,0]],"v":[[84.082,-54.59],[69.189,-54.59],[69.189,0],[95.166,0],[119.287,-17.383],[113.232,-29.492],[94.58,-33.496],[84.082,-33.496]],"c":true}},"nm":"ь","mn":"ADBE Vector Shape - Group"},{"ind":1,"ty":"sh","ix":2,"ks":{"a":0,"k":{"i":[[6.608,0],[0,0],[0,0],[0,0],[-1.693,-0.944],[0,-2.116]],"o":[[0,0],[0,0],[0,0],[3.352,0],[1.692,0.945],[0,4.59]],"v":[[94.482,-10.303],[84.082,-10.303],[84.082,-23.193],[94.287,-23.193],[101.855,-21.777],[104.395,-17.188]],"c":true}},"nm":"ь","mn":"ADBE Vector Shape - Group"},{"ty":"mm","mm":1,"nm":"Merge Paths 1","mn":"ADBE Vector Filter - Merge"}],"nm":"ь","np":5,"cix":2,"ix":2,"mn":"ADBE Vector Group"}]},"fFamily":"Open Sans"},{"ch":"к","size":18.2000007629395,"style":"Bold","w":61.91,"data":{"shapes":[{"ty":"gr","it":[{"ind":0,"ty":"sh","ix":1,"ks":{"a":0,"k":{"i":[[22.705,-28.076],[22.705,-54.59],[7.812,-54.59],[7.812,0],[22.705,0],[22.705,-27.686],[45.02,0],[61.914,0],[38.379,-28.418],[60.01,-54.59],[43.604,-54.59]],"o":[[22.705,-28.076],[22.705,-54.59],[7.812,-54.59],[7.812,0],[22.705,0],[22.705,-27.686],[45.02,0],[61.914,0],[38.379,-28.418],[60.01,-54.59],[43.604,-54.59]],"v":[[22.705,-28.076],[22.705,-54.59],[7.812,-54.59],[7.812,0],[22.705,0],[22.705,-27.686],[45.02,0],[61.914,0],[38.379,-28.418],[60.01,-54.59],[43.604,-54.59]],"c":true}},"nm":"к","mn":"ADBE Vector Shape - Group"}],"nm":"к","np":3,"cix":2,"ix":1,"mn":"ADBE Vector Group"},{"ty":"gr","it":[{"ind":0,"ty":"sh","ix":1,"ks":{"a":0,"k":{"i":[[0,0],[0,0],[0,0],[0,0],[0,0],[0,0],[0,0],[0,0],[0,0],[0,0],[0,0]],"o":[[0,0],[0,0],[0,0],[0,0],[0,0],[0,0],[0,0],[0,0],[0,0],[0,0],[0,0]],"v":[[84.619,-28.076],[84.619,-54.59],[69.727,-54.59],[69.727,0],[84.619,0],[84.619,-27.686],[106.934,0],[123.828,0],[100.293,-28.418],[121.924,-54.59],[105.518,-54.59]],"c":true}},"nm":"к","mn":"ADBE Vector Shape - Group"}],"nm":"к","np":3,"cix":2,"ix":2,"mn":"ADBE Vector Group"}]},"fFamily":"Open Sans"},{"ch":" ","size":18.2000007629395,"style":"Bold","w":25.98,"data":{},"fFamily":"Open Sans"},{"ch":"п","size":18.2000007629395,"style":"Bold","w":65.19,"data":{"shapes":[{"ty":"gr","it":[{"ind":0,"ty":"sh","ix":1,"ks":{"a":0,"k":{"i":[[7.812,-54.59],[7.812,0],[22.705,0],[22.705,-43.408],[42.48,-43.408],[42.48,0],[57.422,0],[57.422,-54.59]],"o":[[7.812,-54.59],[7.812,0],[22.705,0],[22.705,-43.408],[42.48,-43.408],[42.48,0],[57.422,0],[57.422,-54.59]],"v":[[7.812,-54.59],[7.812,0],[22.705,0],[22.705,-43.408],[42.48,-43.408],[42.48,0],[57.422,0],[57.422,-54.59]],"c":true}},"nm":"п","mn":"ADBE Vector Shape - Group"}],"nm":"п","np":3,"cix":2,"ix":1,"mn":"ADBE Vector Group"},{"ty":"gr","it":[{"ind":0,"ty":"sh","ix":1,"ks":{"a":0,"k":{"i":[[0,0],[0,0],[0,0],[0,0],[0,0],[0,0],[0,0],[0,0]],"o":[[0,0],[0,0],[0,0],[0,0],[0,0],[0,0],[0,0],[0,0]],"v":[[72.998,-54.59],[72.998,0],[87.891,0],[87.891,-43.408],[107.666,-43.408],[107.666,0],[122.607,0],[122.607,-54.59]],"c":true}},"nm":"п","mn":"ADBE Vector Shape - Group"}],"nm":"п","np":3,"cix":2,"ix":2,"mn":"ADBE Vector Group"}]},"fFamily":"Open Sans"},{"ch":"р","size":18.2000007629395,"style":"Bold","w":63.28,"data":{"shapes":[{"ty":"gr","it":[{"ind":0,"ty":"sh","ix":1,"ks":{"a":0,"k":{"i":[[45.768,-0.147],[54.517,-7.91],[58.789,-21.566],[56.965,-43.165],[44.629,-55.615],[26.188,-52.913],[22.021,-47.51],[19.922,-54.59],[7.812,-54.59],[7.812,24.023],[22.705,24.023],[22.705,1.904],[22.444,-1.448],[22.705,-6.006],[31.38,0.977]],"o":[[52.083,-4.639],[57.935,-16.504],[58.789,-36.247],[49.674,-53.125],[31.348,-55.615],[22.705,-47.51],[22.021,-47.51],[19.922,-54.59],[7.812,-54.59],[7.812,24.023],[22.705,24.023],[22.705,1.188],[21.924,-6.006],[26.35,-1.351],[42.057,0.977]],"v":[[48.926,-2.393],[56.226,-12.207],[58.789,-27.393],[53.32,-48.145],[38.184,-55.615],[22.705,-47.51],[22.021,-47.51],[19.922,-54.59],[7.812,-54.59],[7.812,24.023],[22.705,24.023],[22.705,1.904],[21.924,-6.006],[22.705,-6.006],[37.793,0.977]],"c":true}},"nm":"р","mn":"ADBE Vector Shape - Group"},{"ind":1,"ty":"sh","ix":2,"ks":{"a":0,"k":{"i":[[39.494,-42.359],[43.604,-32.959],[40.267,-11.084],[27.058,-12.354],[22.705,-21.631],[22.705,-29.102],[23.649,-38.045],[29.719,-43.701]],"o":[[42.781,-36.987],[43.604,-16.585],[29.817,-11.084],[23.575,-17.432],[22.705,-27.49],[22.77,-34.31],[27.034,-42.57],[36.914,-43.701]],"v":[[41.138,-39.673],[43.604,-27.588],[33.594,-11.084],[25.317,-14.893],[22.705,-27.49],[22.705,-29.102],[25.342,-40.308],[33.398,-43.701]],"c":true}},"nm":"р","mn":"ADBE Vector Shape - Group"}],"nm":"р","np":5,"cix":2,"ix":1,"mn":"ADBE Vector Group"},{"ty":"gr","it":[{"ind":0,"ty":"sh","ix":1,"ks":{"a":0,"k":{"i":[[-3.158,2.246],[-1.709,4.297],[0,5.827],[3.645,4.98],[6.445,0],[3.483,-5.403],[0,0],[0,0],[0,0],[0,0],[0,0],[0,0],[0.52,4.558],[0,0],[-6.413,0]],"o":[[3.157,-2.246],[1.709,-4.297],[0,-8.854],[-3.646,-4.98],[-6.836,0],[0,0],[0,0],[0,0],[0,0],[0,0],[0,0],[0,-0.716],[0,0],[3.645,4.655],[4.264,0]],"v":[[112.207,-2.393],[119.507,-12.207],[122.07,-27.393],[116.602,-48.145],[101.465,-55.615],[85.986,-47.51],[85.303,-47.51],[83.203,-54.59],[71.094,-54.59],[71.094,24.023],[85.986,24.023],[85.986,1.904],[85.205,-6.006],[85.986,-6.006],[101.074,0.977]],"c":true}},"nm":"р","mn":"ADBE Vector Shape - Group"},{"ind":1,"ty":"sh","ix":2,"ks":{"a":0,"k":{"i":[[-1.644,-2.686],[0,-5.371],[6.673,0],[1.741,2.539],[0,5.859],[0,0],[-1.693,2.263],[-3.679,0]],"o":[[1.643,2.686],[0,11.003],[-3.777,0],[-1.742,-2.539],[0,0],[0.065,-5.208],[1.692,-2.262],[3.516,0]],"v":[[104.419,-39.673],[106.885,-27.588],[96.875,-11.084],[88.599,-14.893],[85.986,-27.49],[85.986,-29.102],[88.623,-40.308],[96.68,-43.701]],"c":true}},"nm":"р","mn":"ADBE Vector Shape - Group"},{"ty":"mm","mm":1,"nm":"Merge Paths 1","mn":"ADBE Vector Filter - Merge"}],"nm":"р","np":5,"cix":2,"ix":2,"mn":"ADBE Vector Group"}]},"fFamily":"Open Sans"},{"ch":"е","size":18.2000007629395,"style":"Bold","w":59.08,"data":{"shapes":[{"ty":"gr","it":[{"ind":0,"ty":"sh","ix":1,"ks":{"a":0,"k":{"i":[[36.084,-44.019],[40.754,-37.174],[19.922,-33.496],[21.207,-40.015],[27.262,-45.02]],"o":[[39.794,-40.015],[40.82,-33.496],[20.182,-37.174],[24.788,-44.019],[33.577,-45.02]],"v":[[37.939,-42.017],[40.82,-33.496],[19.922,-33.496],[22.998,-42.017],[30.42,-45.02]],"c":true}},"nm":"е","mn":"ADBE Vector Shape - Group"},{"ind":1,"ty":"sh","ix":2,"ks":{"a":0,"k":{"i":[[40.397,0.659],[49.104,-1.579],[51.709,-14.404],[45.459,-11.817],[36.491,-10.107],[25.684,-11.295],[19.743,-19.352],[54.785,-23.584],[54.785,-30.811],[52.637,-44.628],[38.037,-55.615],[15.926,-53.116],[4.492,-36.051],[6.966,-11.149],[23.731,0.977]],"o":[[46.321,-0.611],[51.709,-2.881],[48.518,-12.906],[39.599,-10.449],[28.971,-10.107],[20.996,-16.048],[19.58,-23.584],[54.785,-23.584],[54.785,-38.558],[44.043,-53.418],[22.249,-55.615],[6.779,-43.123],[4.492,-18.017],[16.862,-1.448],[36.784,0.977]],"v":[[43.359,0.024],[51.709,-2.881],[51.709,-14.404],[42.529,-11.133],[33.203,-10.107],[23.34,-13.672],[19.58,-23.584],[54.785,-23.584],[54.785,-30.811],[48.34,-49.023],[30.322,-55.615],[11.353,-48.12],[4.492,-26.904],[11.914,-6.299],[32.52,0.977]],"c":true}},"nm":"е","mn":"ADBE Vector Shape - Group"}],"nm":"е","np":5,"cix":2,"ix":1,"mn":"ADBE Vector Group"},{"ty":"gr","it":[{"ind":0,"ty":"sh","ix":1,"ks":{"a":0,"k":{"i":[[-1.855,-2.002],[-0.066,-3.678],[0,0],[-1.791,2.002],[-3.158,0]],"o":[[1.855,2.002],[0,0],[0.26,-3.678],[1.79,-2.002],[3.157,0]],"v":[[97.021,-42.017],[99.902,-33.496],[79.004,-33.496],[82.08,-42.017],[89.502,-45.02]],"c":true}},"nm":"е","mn":"ADBE Vector Shape - Group"},{"ind":1,"ty":"sh","ix":2,"ks":{"a":0,"k":{"i":[[-2.962,0.635],[-2.605,1.302],[0,0],[2.93,-0.684],[3.288,0],[2.344,2.377],[0.163,4.232],[0,0],[0,0],[4.297,4.395],[7.715,0],[4.573,-4.996],[0,-9.147],[-4.948,-4.85],[-8.789,0]],"o":[[2.962,-0.635],[0,0],[-3.191,1.498],[-2.93,0.684],[-4.232,0],[-2.344,-2.376],[0,0],[0,0],[0,-7.747],[-4.297,-4.395],[-8.073,0],[-4.574,4.997],[0,8.887],[4.948,4.851],[4.264,0]],"v":[[102.441,0.024],[110.791,-2.881],[110.791,-14.404],[101.611,-11.133],[92.285,-10.107],[82.422,-13.672],[78.662,-23.584],[113.867,-23.584],[113.867,-30.811],[107.422,-49.023],[89.404,-55.615],[70.435,-48.12],[63.574,-26.904],[70.996,-6.299],[91.602,0.977]],"c":true}},"nm":"е","mn":"ADBE Vector Shape - Group"},{"ty":"mm","mm":1,"nm":"Merge Paths 1","mn":"ADBE Vector Filter - Merge"}],"nm":"е","np":5,"cix":2,"ix":2,"mn":"ADBE Vector Group"}]},"fFamily":"Open Sans"},{"ch":"м","size":18.2000007629395,"style":"Bold","w":84.42,"data":{"shapes":[{"ty":"gr","it":[{"ind":0,"ty":"sh","ix":1,"ks":{"a":0,"k":{"i":[[76.611,-54.59],[56.299,-54.59],[47.298,-32.503],[45.206,-26.961],[43.164,-19.19],[41.235,-19.401],[38.672,-28.792],[28.32,-54.59],[7.812,-54.59],[7.812,0],[21.68,0],[21.68,-43.018],[22.607,-39.697],[25.7,-28.189],[36.914,0],[47.51,0],[57.178,-24.414],[60.156,-33.121],[62.695,-43.018],[62.695,0],[76.611,0]],"o":[[76.611,-54.59],[50.537,-40.462],[45.866,-28.922],[44.001,-22.697],[41.797,-16.618],[39.575,-25.911],[37.695,-31.299],[28.32,-54.59],[7.812,-54.59],[7.812,0],[21.68,0],[21.68,-43.018],[24.202,-33.219],[27.1,-24.609],[36.914,0],[47.51,0],[58.577,-27.93],[61.914,-39.99],[62.695,-43.018],[62.695,0],[76.611,0]],"v":[[76.611,-54.59],[56.299,-54.59],[46.582,-30.713],[44.604,-24.829],[42.09,-14.307],[40.405,-22.656],[37.695,-31.299],[28.32,-54.59],[7.812,-54.59],[7.812,0],[21.68,0],[21.68,-43.018],[22.607,-39.697],[27.1,-24.609],[36.914,0],[47.51,0],[57.178,-24.414],[61.914,-39.99],[62.695,-43.018],[62.695,0],[76.611,0]],"c":true}},"nm":"м","mn":"ADBE Vector Shape - Group"}],"nm":"м","np":3,"cix":2,"ix":1,"mn":"ADBE Vector Group"},{"ty":"gr","it":[{"ind":0,"ty":"sh","ix":1,"ks":{"a":0,"k":{"i":[[0,0],[0,0],[0.716,-1.79],[0.602,-2.132],[1.074,-4.883],[0.83,3.255],[0.977,2.507],[0,0],[0,0],[0,0],[0,0],[0,0],[0,0],[-1.4,-3.58],[0,0],[0,0],[0,0],[-1.758,6.869],[0,0],[0,0],[0,0]],"o":[[0,0],[-5.762,14.128],[-0.716,1.791],[-0.603,2.132],[-0.293,-2.311],[-0.83,-3.255],[0,0],[0,0],[0,0],[0,0],[0,0],[0,0],[1.595,6.478],[0,0],[0,0],[0,0],[1.399,-3.516],[0,0],[0,0],[0,0],[0,0]],"v":[[161.035,-54.59],[140.723,-54.59],[131.006,-30.713],[129.028,-24.829],[126.514,-14.307],[124.829,-22.656],[122.119,-31.299],[112.744,-54.59],[92.236,-54.59],[92.236,0],[106.104,0],[106.104,-43.018],[107.031,-39.697],[111.523,-24.609],[121.338,0],[131.934,0],[141.602,-24.414],[146.338,-39.99],[147.119,-43.018],[147.119,0],[161.035,0]],"c":true}},"nm":"м","mn":"ADBE Vector Shape - Group"}],"nm":"м","np":3,"cix":2,"ix":2,"mn":"ADBE Vector Group"}]},"fFamily":"Open Sans"},{"ch":"и","size":18.2000007629395,"style":"Bold","w":72.02,"data":{"shapes":[{"ty":"gr","it":[{"ind":0,"ty":"sh","ix":1,"ks":{"a":0,"k":{"i":[[7.812,-54.59],[7.812,0],[25.684,0],[50.781,-38.184],[49.805,-25.65],[49.805,0],[64.209,0],[64.209,-54.59],[46.289,-54.59],[21.094,-16.309],[22.217,-30.729],[22.217,-54.59]],"o":[[7.812,-54.59],[7.812,0],[25.684,0],[50.129,-31.12],[49.805,-21.777],[49.805,0],[64.209,0],[64.209,-54.59],[46.289,-54.59],[21.842,-25.163],[22.217,-33.008],[22.217,-54.59]],"v":[[7.812,-54.59],[7.812,0],[25.684,0],[50.781,-38.184],[49.805,-21.777],[49.805,0],[64.209,0],[64.209,-54.59],[46.289,-54.59],[21.094,-16.309],[22.217,-33.008],[22.217,-54.59]],"c":true}},"nm":"и","mn":"ADBE Vector Shape - Group"}],"nm":"и","np":3,"cix":2,"ix":1,"mn":"ADBE Vector Group"},{"ty":"gr","it":[{"ind":0,"ty":"sh","ix":1,"ks":{"a":0,"k":{"i":[[0,0],[0,0],[0,0],[0,0],[0,-3.873],[0,0],[0,0],[0,0],[0,0],[0,0],[0,2.279],[0,0]],"o":[[0,0],[0,0],[0,0],[-0.652,7.064],[0,0],[0,0],[0,0],[0,0],[0,0],[0.748,-8.854],[0,0],[0,0]],"v":[[79.834,-54.59],[79.834,0],[97.705,0],[122.803,-38.184],[121.826,-21.777],[121.826,0],[136.23,0],[136.23,-54.59],[118.311,-54.59],[93.115,-16.309],[94.238,-33.008],[94.238,-54.59]],"c":true}},"nm":"и","mn":"ADBE Vector Shape - Group"}],"nm":"и","np":3,"cix":2,"ix":2,"mn":"ADBE Vector Group"}]},"fFamily":"Open Sans"},{"ch":"у","size":18.2000007629395,"style":"Bold","w":56.88,"data":{"shapes":[{"ty":"gr","it":[{"ind":0,"ty":"sh","ix":1,"ks":{"a":0,"k":{"i":[[21.68,-0.391],[20.801,2.295],[18.156,7.984],[11.914,12.012],[5.208,11.8],[3.418,23.193],[8.414,24.023],[20.808,22.607],[31.673,12.678],[56.885,-54.59],[40.918,-54.59],[30.811,-23.877],[29.069,-17.756],[28.418,-14.404],[27.49,-21.207],[16.309,-54.59],[0,-54.59]],"o":[[21.68,-0.391],[19.694,5.55],[14.217,11.206],[7.161,12.012],[3.418,11.377],[5.891,23.746],[16.227,24.023],[28.653,16.943],[33.789,6.982],[56.885,-54.59],[40.918,-54.59],[29.769,-20.915],[28.711,-14.404],[28.092,-18.049],[26.611,-23.877],[16.309,-54.59],[0,-54.59]],"v":[[21.68,-0.391],[20.801,2.295],[16.187,9.595],[9.277,12.012],[3.418,11.377],[3.418,23.193],[10.986,24.023],[24.731,19.775],[33.789,6.982],[56.885,-54.59],[40.918,-54.59],[30.811,-23.877],[28.711,-14.404],[28.418,-14.404],[26.611,-23.877],[16.309,-54.59],[0,-54.59]],"c":true}},"nm":"у","mn":"ADBE Vector Shape - Group"}],"nm":"у","np":3,"cix":2,"ix":1,"mn":"ADBE Vector Group"},{"ty":"gr","it":[{"ind":0,"ty":"sh","ix":1,"ks":{"a":0,"k":{"i":[[0,0],[0,0],[1.969,-1.611],[2.637,0],[1.79,0.423],[0,0],[-2.572,0],[-3.923,2.832],[-2.116,5.696],[0,0],[0,0],[0,0],[0.358,-3.352],[0,0],[0.879,2.67],[0,0],[0,0]],"o":[[0,0],[-1.107,3.255],[-1.97,1.611],[-2.116,0],[0,0],[2.473,0.553],[5.241,0],[3.922,-2.832],[0,0],[0,0],[0,0],[-1.042,2.962],[0,0],[-0.326,-3.645],[0,0],[0,0],[0,0]],"v":[[78.564,-0.391],[77.686,2.295],[73.071,9.595],[66.162,12.012],[60.303,11.377],[60.303,23.193],[67.871,24.023],[81.616,19.775],[90.674,6.982],[113.77,-54.59],[97.803,-54.59],[87.695,-23.877],[85.596,-14.404],[85.303,-14.404],[83.496,-23.877],[73.193,-54.59],[56.885,-54.59]],"c":true}},"nm":"у","mn":"ADBE Vector Shape - Group"}],"nm":"у","np":3,"cix":2,"ix":2,"mn":"ADBE Vector Group"}]},"fFamily":"Open Sans"},{"ch":"А","size":20,"style":"Bold","w":68.99,"data":{"shapes":[{"ty":"gr","it":[{"ind":0,"ty":"sh","ix":1,"ks":{"a":0,"k":{"i":[[68.994,0],[43.701,-71.68],[25.195,-71.68],[0,0],[16.309,0],[21.484,-16.992],[47.51,-16.992],[52.686,0]],"o":[[68.994,0],[43.701,-71.68],[25.195,-71.68],[0,0],[16.309,0],[21.484,-16.992],[47.51,-16.992],[52.686,0]],"v":[[68.994,0],[43.701,-71.68],[25.195,-71.68],[0,0],[16.309,0],[21.484,-16.992],[47.51,-16.992],[52.686,0]],"c":true}},"nm":"А","mn":"ADBE Vector Shape - Group"},{"ind":1,"ty":"sh","ix":2,"ks":{"a":0,"k":{"i":[[25.293,-29.688],[33.447,-56.429],[35.212,-57.829],[39.111,-45.085]],"o":[[30.371,-46.126],[34.781,-59.424],[36.417,-53.792],[43.896,-29.688]],"v":[[25.293,-29.688],[34.521,-60.596],[35.815,-55.811],[43.896,-29.688]],"c":true}},"nm":"А","mn":"ADBE Vector Shape - Group"}],"nm":"А","np":5,"cix":2,"ix":1,"mn":"ADBE Vector Group"},{"ty":"gr","it":[{"ind":0,"ty":"sh","ix":1,"ks":{"a":0,"k":{"i":[[0,0],[0,0],[0,0],[0,0],[0,0],[0,0],[0,0],[0,0]],"o":[[0,0],[0,0],[0,0],[0,0],[0,0],[0,0],[0,0],[0,0]],"v":[[137.988,0],[112.695,-71.68],[94.189,-71.68],[68.994,0],[85.303,0],[90.479,-16.992],[116.504,-16.992],[121.68,0]],"c":true}},"nm":"А","mn":"ADBE Vector Shape - Group"},{"ind":1,"ty":"sh","ix":2,"ks":{"a":0,"k":{"i":[[0,0],[-1.074,4.167],[-0.603,-2.018],[-4.785,-15.397]],"o":[[5.078,-16.438],[0.26,1.172],[0.602,2.019],[0,0]],"v":[[94.287,-29.688],[103.516,-60.596],[104.81,-55.811],[112.891,-29.688]],"c":true}},"nm":"А","mn":"ADBE Vector Shape - Group"},{"ty":"mm","mm":1,"nm":"Merge Paths 1","mn":"ADBE Vector Filter - Merge"}],"nm":"А","np":5,"cix":2,"ix":2,"mn":"ADBE Vector Group"}]},"fFamily":"Open Sans"},{"ch":"т","size":20,"style":"Bold","w":55.32,"data":{"shapes":[{"ty":"gr","it":[{"ind":0,"ty":"sh","ix":1,"ks":{"a":0,"k":{"i":[[2.295,-54.59],[2.295,-43.408],[20.215,-43.408],[20.215,0],[35.107,0],[35.107,-43.408],[52.979,-43.408],[52.979,-54.59]],"o":[[2.295,-54.59],[2.295,-43.408],[20.215,-43.408],[20.215,0],[35.107,0],[35.107,-43.408],[52.979,-43.408],[52.979,-54.59]],"v":[[2.295,-54.59],[2.295,-43.408],[20.215,-43.408],[20.215,0],[35.107,0],[35.107,-43.408],[52.979,-43.408],[52.979,-54.59]],"c":true}},"nm":"т","mn":"ADBE Vector Shape - Group"}],"nm":"т","np":3,"cix":2,"ix":1,"mn":"ADBE Vector Group"},{"ty":"gr","it":[{"ind":0,"ty":"sh","ix":1,"ks":{"a":0,"k":{"i":[[0,0],[0,0],[0,0],[0,0],[0,0],[0,0],[0,0],[0,0]],"o":[[0,0],[0,0],[0,0],[0,0],[0,0],[0,0],[0,0],[0,0]],"v":[[57.617,-54.59],[57.617,-43.408],[75.537,-43.408],[75.537,0],[90.43,0],[90.43,-43.408],[108.301,-43.408],[108.301,-54.59]],"c":true}},"nm":"т","mn":"ADBE Vector Shape - Group"}],"nm":"т","np":3,"cix":2,"ix":2,"mn":"ADBE Vector Group"}]},"fFamily":"Open Sans"},{"ch":"S","size":20,"style":"Bold","w":55.08,"data":{"shapes":[{"ty":"gr","it":[{"ind":0,"ty":"sh","ix":1,"ks":{"a":0,"k":{"i":[[49.885,-28.409],[40.364,-38.02],[25.447,-45.288],[21.761,-48.104],[20.215,-51.253],[20.98,-56.477],[26.237,-59.814],[33.96,-59.505],[42.089,-57.177],[50.781,-67.383],[43.579,-70.215],[33.301,-72.412],[16.121,-70.605],[5.42,-58.415],[6.071,-45.817],[10.417,-38.607],[18.05,-32.862],[30.151,-26.986],[34.326,-23.917],[36.279,-20.491],[35.392,-14.698],[29.297,-11.523],[20.157,-11.963],[9.407,-15.235],[4.59,-3.32],[17.188,0.977],[39.526,-0.879],[51.123,-13.379]],"o":[[44.938,-34.822],[28.645,-43.62],[22.746,-47.144],[20.524,-50.09],[20.215,-54.736],[24.04,-59.146],[31.511,-59.814],[38.94,-58.268],[45.898,-55.615],[47.102,-68.978],[36.841,-71.973],[22.038,-72.412],[7.56,-63.379],[5.42,-48.747],[8.675,-40.804],[14.778,-34.831],[27.067,-28.597],[33.179,-24.968],[35.888,-21.736],[36.279,-16.585],[31.843,-12.158],[23.21,-11.523],[13.484,-13.721],[4.59,-17.383],[10.449,-0.455],[33.073,0.977],[48.804,-8.301],[51.123,-24.479]],"v":[[47.412,-31.616],[33.691,-41.211],[24.097,-46.216],[21.143,-49.097],[20.215,-52.588],[22.51,-57.812],[29.102,-59.814],[36.45,-58.887],[45.898,-55.615],[50.781,-67.383],[40.21,-71.094],[29.59,-72.412],[11.841,-66.992],[5.42,-52.1],[7.373,-43.311],[12.598,-36.719],[22.412,-30.811],[31.665,-25.977],[35.107,-22.827],[36.279,-19.092],[33.618,-13.428],[25.977,-11.523],[16.821,-12.842],[4.59,-17.383],[4.59,-3.32],[24.805,0.977],[44.165,-4.59],[51.123,-19.824]],"c":true}},"nm":"S","mn":"ADBE Vector Shape - Group"}],"nm":"S","np":3,"cix":2,"ix":1,"mn":"ADBE Vector Group"},{"ty":"gr","it":[{"ind":0,"ty":"sh","ix":1,"ks":{"a":0,"k":{"i":[[2.473,3.207],[6.673,3.191],[1.35,0.928],[0.618,0.993],[0,1.335],[-1.53,1.335],[-2.865,0],[-2.49,-0.618],[-3.809,-1.562],[0,0],[3.369,0.879],[3.711,0],[4.28,-3.613],[0,-6.315],[-1.302,-2.506],[-2.181,-1.888],[-4.362,-2.051],[-1.514,-1.009],[-0.781,-1.09],[0,-1.399],[1.774,-1.27],[3.32,0],[3.336,0.879],[4.817,2.148],[0,0],[-7.617,0],[-4.639,3.711],[0,6.445]],"o":[[-2.474,-3.206],[-5.046,-2.409],[-1.351,-0.928],[-0.619,-0.993],[0,-2.148],[1.53,-1.334],[2.409,0],[2.49,0.619],[0,0],[-3.679,-1.595],[-3.369,-0.879],[-7.552,0],[-4.281,3.613],[0,3.353],[1.302,2.507],[2.18,1.888],[4.655,2.214],[1.514,1.009],[0.781,1.091],[0,2.507],[-1.775,1.27],[-2.767,0],[-3.337,-0.879],[0,0],[5.859,2.865],[8.268,0],[4.639,-3.711],[0,-4.655]],"v":[[102.49,-31.616],[88.77,-41.211],[79.175,-46.216],[76.221,-49.097],[75.293,-52.588],[77.588,-57.812],[84.18,-59.814],[91.528,-58.887],[100.977,-55.615],[105.859,-67.383],[95.288,-71.094],[84.668,-72.412],[66.919,-66.992],[60.498,-52.1],[62.451,-43.311],[67.676,-36.719],[77.49,-30.811],[86.743,-25.977],[90.186,-22.827],[91.357,-19.092],[88.696,-13.428],[81.055,-11.523],[71.899,-12.842],[59.668,-17.383],[59.668,-3.32],[79.883,0.977],[99.243,-4.59],[106.201,-19.824]],"c":true}},"nm":"S","mn":"ADBE Vector Shape - Group"}],"nm":"S","np":3,"cix":2,"ix":2,"mn":"ADBE Vector Group"}]},"fFamily":"Open Sans"},{"ch":"M","size":20,"style":"Bold","w":94.29,"data":{"shapes":[{"ty":"gr","it":[{"ind":0,"ty":"sh","ix":1,"ks":{"a":0,"k":{"i":[[53.076,0],[71.484,-55.908],[71.924,-55.908],[71.314,-41.39],[71.191,-35.384],[71.191,0],[85.303,0],[85.303,-71.387],[64.697,-71.387],[46.777,-16.797],[46.484,-16.797],[29.59,-71.387],[8.984,-71.387],[8.984,0],[22.51,0],[22.51,-33.203],[22.2,-44.612],[22.021,-56.006],[39.209,0]],"o":[[53.076,0],[71.484,-55.908],[71.533,-46.924],[71.216,-37.223],[71.191,-33.789],[71.191,0],[85.303,0],[85.303,-71.387],[64.697,-71.387],[46.777,-16.797],[46.484,-16.797],[29.59,-71.387],[8.984,-71.387],[8.984,0],[22.51,0],[22.51,-37.012],[21.582,-56.006],[22.021,-56.006],[39.209,0]],"v":[[53.076,0],[71.484,-55.908],[71.924,-55.908],[71.265,-39.307],[71.191,-33.789],[71.191,0],[85.303,0],[85.303,-71.387],[64.697,-71.387],[46.777,-16.797],[46.484,-16.797],[29.59,-71.387],[8.984,-71.387],[8.984,0],[22.51,0],[22.51,-33.203],[21.582,-56.006],[22.021,-56.006],[39.209,0]],"c":true}},"nm":"M","mn":"ADBE Vector Shape - Group"}],"nm":"M","np":3,"cix":2,"ix":1,"mn":"ADBE Vector Group"},{"ty":"gr","it":[{"ind":0,"ty":"sh","ix":1,"ks":{"a":0,"k":{"i":[[0,0],[0,0],[0,0],[0.049,-2.083],[0,-1.595],[0,0],[0,0],[0,0],[0,0],[0,0],[0,0],[0,0],[0,0],[0,0],[0,0],[0,0],[0.618,11.394],[0,0],[0,0]],"o":[[0,0],[0,0],[-0.391,8.984],[-0.049,2.084],[0,0],[0,0],[0,0],[0,0],[0,0],[0,0],[0,0],[0,0],[0,0],[0,0],[0,0],[0,-3.809],[0,0],[0,0],[0,0]],"v":[[147.363,0],[165.771,-55.908],[166.211,-55.908],[165.552,-39.307],[165.479,-33.789],[165.479,0],[179.59,0],[179.59,-71.387],[158.984,-71.387],[141.064,-16.797],[140.771,-16.797],[123.877,-71.387],[103.271,-71.387],[103.271,0],[116.797,0],[116.797,-33.203],[115.869,-56.006],[116.309,-56.006],[133.496,0]],"c":true}},"nm":"M","mn":"ADBE Vector Shape - Group"}],"nm":"M","np":3,"cix":2,"ix":2,"mn":"ADBE Vector Group"}]},"fFamily":"Open Sans"},{"ch":"O","size":20,"style":"Bold","w":79.59,"data":{"shapes":[{"ty":"gr","it":[{"ind":0,"ty":"sh","ix":1,"ks":{"a":0,"k":{"i":[[70.874,-56.721],[50.863,-72.51],[20.499,-69.376],[5.811,-47.77],[8.741,-14.893],[28.857,0.977],[59.131,-2.197],[73.779,-23.975]],"o":[[59.252,-69.352],[28.923,-72.51],[8.748,-56.843],[5.811,-24.007],[20.459,-2.197],[50.733,0.977],[70.849,-14.893],[73.779,-47.639]],"v":[[65.063,-63.037],[39.893,-72.51],[14.624,-63.11],[5.811,-35.889],[14.6,-8.545],[39.795,0.977],[64.99,-8.545],[73.779,-35.791]],"c":true}},"nm":"O","mn":"ADBE Vector Shape - Group"},{"ind":1,"ty":"sh","ix":2,"ks":{"a":0,"k":{"i":[[23.21,-49.78],[33.87,-59.912],[57.91,-51.871],[51.872,-11.719],[29.248,-13.736],[21.68,-27.815]],"o":[[29.329,-57.886],[51.905,-59.912],[57.91,-19.743],[33.772,-11.719],[23.194,-21.809],[21.68,-43.766]],"v":[[26.27,-53.833],[39.893,-59.912],[57.91,-35.791],[39.795,-11.719],[26.221,-17.773],[21.68,-35.791]],"c":true}},"nm":"O","mn":"ADBE Vector Shape - Group"}],"nm":"O","np":5,"cix":2,"ix":1,"mn":"ADBE Vector Group"},{"ty":"gr","it":[{"ind":0,"ty":"sh","ix":1,"ks":{"a":0,"k":{"i":[[5.811,6.316],[10.97,0],[5.875,-6.266],[0,-11.881],[-5.859,-6.348],[-10.938,0],[-5.859,6.348],[0,11.816]],"o":[[-5.811,-6.315],[-10.97,0],[-5.876,6.267],[0,11.882],[5.859,6.348],[10.938,0],[5.859,-6.348],[0,-11.848]],"v":[[144.653,-63.037],[119.482,-72.51],[94.214,-63.11],[85.4,-35.889],[94.189,-8.545],[119.385,0.977],[144.58,-8.545],[153.369,-35.791]],"c":true}},"nm":"O","mn":"ADBE Vector Shape - Group"},{"ind":1,"ty":"sh","ix":2,"ks":{"a":0,"k":{"i":[[-3.06,4.053],[-6.023,0],[0,-16.08],[12.077,0],[3.027,4.037],[0,7.976]],"o":[[3.059,-4.053],[12.012,0],[0,16.048],[-6.023,0],[-3.027,-4.036],[0,-7.975]],"v":[[105.859,-53.833],[119.482,-59.912],[137.5,-35.791],[119.385,-11.719],[105.811,-17.773],[101.27,-35.791]],"c":true}},"nm":"O","mn":"ADBE Vector Shape - Group"},{"ty":"mm","mm":1,"nm":"Merge Paths 1","mn":"ADBE Vector Filter - Merge"}],"nm":"O","np":5,"cix":2,"ix":2,"mn":"ADBE Vector Group"}]},"fFamily":"Open Sans"},{"ch":"L","size":20,"style":"Bold","w":56.49,"data":{"shapes":[{"ty":"gr","it":[{"ind":0,"ty":"sh","ix":1,"ks":{"a":0,"k":{"i":[[53.076,0],[53.076,-12.5],[24.121,-12.5],[24.121,-71.387],[8.984,-71.387],[8.984,0]],"o":[[53.076,0],[53.076,-12.5],[24.121,-12.5],[24.121,-71.387],[8.984,-71.387],[8.984,0]],"v":[[53.076,0],[53.076,-12.5],[24.121,-12.5],[24.121,-71.387],[8.984,-71.387],[8.984,0]],"c":true}},"nm":"L","mn":"ADBE Vector Shape - Group"}],"nm":"L","np":3,"cix":2,"ix":1,"mn":"ADBE Vector Group"},{"ty":"gr","it":[{"ind":0,"ty":"sh","ix":1,"ks":{"a":0,"k":{"i":[[0,0],[0,0],[0,0],[0,0],[0,0],[0,0]],"o":[[0,0],[0,0],[0,0],[0,0],[0,0],[0,0]],"v":[[109.57,0],[109.57,-12.5],[80.615,-12.5],[80.615,-71.387],[65.479,-71.387],[65.479,0]],"c":true}},"nm":"L","mn":"ADBE Vector Shape - Group"}],"nm":"L","np":3,"cix":2,"ix":2,"mn":"ADBE Vector Group"}]},"fFamily":"Open Sans"}]}