{"v":"4.6.8","fr":30,"ip":0,"op":91,"w":400,"h":320,"nm":"digest","ddd":1,"assets":[{"id":"image_0","w":96,"h":96,"u":"../../img/","p":"B1E3A527-C888-4511-B71B-1523CBABEF37_4x.png"},{"id":"image_1","w":908,"h":508,"u":"../../img/","p":"cover2.png"},{"id":"image_2","w":908,"h":508,"u":"../../img/","p":"7A36D253-B167-4681-BD09-A354DB01BB8D_4x.png"}],"fonts":{"list":[{"fName":"OpenSans","fFamily":"Open Sans","fStyle":"Regular","ascent":75.9994506835938},{"fName":"OpenSans-Bold","fFamily":"Open Sans","fStyle":"Bold","ascent":75.9994506835938}]},"layers":[{"ddd":0,"ind":1,"ty":2,"nm":"afflogo copy","refId":"image_0","ks":{"o":{"a":0,"k":100},"r":{"a":0,"k":0},"p":{"a":0,"k":[85,113,0]},"a":{"a":0,"k":[48,48,0]},"s":{"a":0,"k":[25,25,100]}},"ao":0,"ip":0,"op":91,"st":0,"bm":0,"sr":1},{"ddd":0,"ind":2,"ty":5,"nm":"Affbooser","ks":{"o":{"a":0,"k":100},"r":{"a":0,"k":0},"p":{"a":0,"k":[105,118.242,0]},"a":{"a":0,"k":[0,0,0]},"s":{"a":0,"k":[100,100,100]}},"ao":0,"t":{"d":{"k":[{"s":{"s":16,"f":"OpenSans-Bold","t":"Affbooster","j":0,"tr":0,"lh":19.2,"ls":0,"fc":[0.55,0.56,0.65]},"t":0}]},"p":{},"m":{"g":1,"a":{"a":0,"k":[0,0]}},"a":[]},"ip":0,"op":91,"st":0,"bm":0,"sr":1},{"ddd":1,"ind":3,"ty":3,"nm":"Null 2","ks":{"o":{"a":0,"k":0},"rx":{"a":1,"k":[{"i":{"x":[0.41],"y":[1]},"o":{"x":[0.704],"y":[0]},"n":["0p41_1_0p704_0"],"t":11,"s":[0],"e":[-90]},{"i":{"x":[0.577],"y":[0.577]},"o":{"x":[0.464],"y":[0.464]},"n":["0p577_0p577_0p464_0p464"],"t":24,"s":[-90],"e":[-90]},{"i":{"x":[0.41],"y":[1]},"o":{"x":[0.704],"y":[0]},"n":["0p41_1_0p704_0"],"t":61,"s":[-90],"e":[-180]},{"t":74}]},"ry":{"a":0,"k":0},"rz":{"a":0,"k":0},"or":{"a":0,"k":[0,0,0]},"p":{"a":0,"k":[200,158,23]},"a":{"a":0,"k":[0,0,0]},"s":{"a":0,"k":[100,100,100]}},"ao":0,"ip":0,"op":91,"st":0,"bm":0,"sr":1},{"ddd":1,"ind":4,"ty":5,"nm":"ДАЙДЖЕСТ 5","parent":5,"ks":{"o":{"a":0,"k":100},"rx":{"a":0,"k":0},"ry":{"a":0,"k":0},"rz":{"a":0,"k":0},"or":{"a":0,"k":[0,0,0]},"p":{"a":0,"k":[-64.8,6.691,0]},"a":{"a":0,"k":[0,0,0]},"s":{"a":0,"k":[100,100,100]}},"ao":0,"t":{"d":{"k":[{"s":{"s":21.6000003814697,"f":"OpenSans","t":"ДАЙДЖЕСТ","j":0,"tr":83,"lh":25.9200004577637,"ls":0,"fc":[1,1,1]},"t":0}]},"p":{},"m":{"g":1,"a":{"a":0,"k":[0,0]}},"a":[]},"ip":61,"op":130,"st":11,"bm":0,"sr":1},{"ddd":1,"ind":5,"ty":4,"nm":"pass 5","parent":3,"ks":{"o":{"a":0,"k":100},"rx":{"a":0,"k":180},"ry":{"a":0,"k":0},"rz":{"a":0,"k":0},"or":{"a":0,"k":[0,0,0]},"p":{"a":0,"k":[-94.8,22,21]},"a":{"a":0,"k":[0,-21.6,0]},"s":{"a":0,"k":[100,100,100]}},"ao":0,"shapes":[{"ty":"gr","it":[{"ty":"rc","d":1,"s":{"a":0,"k":[158.4,43.2]},"p":{"a":0,"k":[0,0]},"r":{"a":0,"k":5.4},"nm":"Rectangle Path 1","mn":"ADBE Vector Shape - Rect"},{"ty":"fl","c":{"a":1,"k":[{"i":{"x":[0.833],"y":[0.833]},"o":{"x":[0.167],"y":[0.167]},"n":["0p833_0p833_0p167_0p167"],"t":61,"s":[0.635049,0.0871637,0.3088085,1],"e":[1,0.137255,0.486275,1]},{"t":74}]},"o":{"a":0,"k":100},"r":1,"nm":"Fill 1","mn":"ADBE Vector Graphic - Fill"},{"ty":"tr","p":{"a":0,"k":[0,0],"ix":2},"a":{"a":0,"k":[0,0],"ix":1},"s":{"a":0,"k":[100,100],"ix":3},"r":{"a":0,"k":0,"ix":6},"o":{"a":0,"k":100,"ix":7},"sk":{"a":0,"k":0,"ix":4},"sa":{"a":0,"k":0,"ix":5},"nm":"Transform"}],"nm":"pass","np":2,"cix":2,"ix":1,"mn":"ADBE Vector Group"}],"ip":61,"op":130,"st":11,"bm":0,"sr":1},{"ddd":1,"ind":6,"ty":5,"nm":"ДАЙДЖЕСТ 2","parent":7,"ks":{"o":{"a":0,"k":100},"rx":{"a":0,"k":0},"ry":{"a":0,"k":0},"rz":{"a":0,"k":0},"or":{"a":0,"k":[0,0,0]},"p":{"a":0,"k":[-64.8,6.691,0]},"a":{"a":0,"k":[0,0,0]},"s":{"a":0,"k":[100,100,100]}},"ao":0,"t":{"d":{"k":[{"s":{"s":21.6000003814697,"f":"OpenSans","t":"ДАЙДЖЕСТ","j":0,"tr":83,"lh":25.9200004577637,"ls":0,"fc":[1,1,1]},"t":0}]},"p":{},"m":{"g":1,"a":{"a":0,"k":[0,0]}},"a":[]},"ip":11,"op":130,"st":11,"bm":0,"sr":1},{"ddd":1,"ind":7,"ty":4,"nm":"pass 2","parent":3,"ks":{"o":{"a":1,"k":[{"i":{"x":[0.833],"y":[0.833]},"o":{"x":[0.167],"y":[0.167]},"n":["0p833_0p833_0p167_0p167"],"t":11,"s":[0],"e":[100]},{"i":{"x":[0.833],"y":[0.833]},"o":{"x":[0.167],"y":[0.167]},"n":["0p833_0p833_0p167_0p167"],"t":14,"s":[100],"e":[100]},{"i":{"x":[0.833],"y":[0.833]},"o":{"x":[0.167],"y":[0.167]},"n":["0p833_0p833_0p167_0p167"],"t":72,"s":[100],"e":[0]},{"t":74}]},"rx":{"a":0,"k":90},"ry":{"a":0,"k":0},"rz":{"a":0,"k":0},"or":{"a":0,"k":[0,0,0]},"p":{"a":0,"k":[-94.8,22,-21]},"a":{"a":0,"k":[0,-21.6,0]},"s":{"a":0,"k":[100,100,100]}},"ao":0,"shapes":[{"ty":"gr","it":[{"ty":"rc","d":1,"s":{"a":0,"k":[158.4,43.2]},"p":{"a":0,"k":[0,0]},"r":{"a":0,"k":5.4},"nm":"Rectangle Path 1","mn":"ADBE Vector Shape - Rect"},{"ty":"fl","c":{"a":0,"k":[1,0.137255,0.486275,1]},"o":{"a":0,"k":100},"r":1,"nm":"Fill 1","mn":"ADBE Vector Graphic - Fill"},{"ty":"tr","p":{"a":0,"k":[0,0],"ix":2},"a":{"a":0,"k":[0,0],"ix":1},"s":{"a":0,"k":[100,100],"ix":3},"r":{"a":0,"k":0,"ix":6},"o":{"a":0,"k":100,"ix":7},"sk":{"a":0,"k":0,"ix":4},"sa":{"a":0,"k":0,"ix":5},"nm":"Transform"}],"nm":"pass","np":2,"cix":2,"ix":1,"mn":"ADBE Vector Group"},{"ty":"gr","it":[{"ty":"fl","c":{"a":1,"k":[{"i":{"x":[0.833],"y":[0.833]},"o":{"x":[0.167],"y":[0.167]},"n":["0p833_0p833_0p167_0p167"],"t":61,"s":[1,0.137255,0.486275,1],"e":[0.635049,0.0871637,0.3088085,1]},{"t":74}]},"o":{"a":0,"k":100},"r":1,"nm":"Fill 1","mn":"ADBE Vector Graphic - Fill"},{"ty":"tr","p":{"a":0,"k":[0,0],"ix":2},"a":{"a":0,"k":[0,0],"ix":1},"s":{"a":0,"k":[100,100],"ix":3},"r":{"a":0,"k":0,"ix":6},"o":{"a":0,"k":100,"ix":7},"sk":{"a":0,"k":0,"ix":4},"sa":{"a":0,"k":0,"ix":5},"nm":"Transform"}],"nm":"Group 1","np":1,"cix":2,"ix":2,"mn":"ADBE Vector Group"}],"ip":0,"op":130,"st":11,"bm":0,"sr":1},{"ddd":1,"ind":8,"ty":5,"nm":"ДАЙДЖЕСТ","parent":9,"ks":{"o":{"a":0,"k":100},"rx":{"a":0,"k":0},"ry":{"a":0,"k":0},"rz":{"a":0,"k":0},"or":{"a":0,"k":[0,0,0]},"p":{"a":0,"k":[-64.8,6.691,0]},"a":{"a":0,"k":[0,0,0]},"s":{"a":0,"k":[100,100,100]}},"ao":0,"t":{"d":{"k":[{"s":{"s":21.6000003814697,"f":"OpenSans","t":"ДАЙДЖЕСТ","j":0,"tr":83,"lh":25.9200004577637,"ls":0,"fc":[1,1,1]},"t":0}]},"p":{},"m":{"g":1,"a":{"a":0,"k":[0,0]}},"a":[]},"ip":0,"op":130,"st":11,"bm":0,"sr":1},{"ddd":1,"ind":9,"ty":4,"nm":"pass","parent":3,"ks":{"o":{"a":1,"k":[{"i":{"x":[0.833],"y":[0.833]},"o":{"x":[0.167],"y":[0.167]},"n":["0p833_0p833_0p167_0p167"],"t":22,"s":[100],"e":[0]},{"t":24}]},"rx":{"a":0,"k":0},"ry":{"a":0,"k":0},"rz":{"a":0,"k":0},"or":{"a":0,"k":[0,0,0]},"p":{"a":0,"k":[-94.8,-22,-21]},"a":{"a":0,"k":[0,-21.6,0]},"s":{"a":0,"k":[100,100,100]}},"ao":0,"shapes":[{"ty":"gr","it":[{"ty":"rc","d":1,"s":{"a":0,"k":[158.4,43.2]},"p":{"a":0,"k":[0,0]},"r":{"a":0,"k":5.4},"nm":"Rectangle Path 1","mn":"ADBE Vector Shape - Rect"},{"ty":"fl","c":{"a":1,"k":[{"i":{"x":[0.833],"y":[0.833]},"o":{"x":[0.167],"y":[0.167]},"n":["0p833_0p833_0p167_0p167"],"t":11,"s":[1,0.137255,0.486275,1],"e":[0.635049,0.0871637,0.3088085,1]},{"t":24}]},"o":{"a":0,"k":100},"r":1,"nm":"Fill 1","mn":"ADBE Vector Graphic - Fill"},{"ty":"tr","p":{"a":0,"k":[0,0],"ix":2},"a":{"a":0,"k":[0,0],"ix":1},"s":{"a":0,"k":[100,100],"ix":3},"r":{"a":0,"k":0,"ix":6},"o":{"a":0,"k":100,"ix":7},"sk":{"a":0,"k":0,"ix":4},"sa":{"a":0,"k":0,"ix":5},"nm":"Transform"}],"nm":"pass","np":2,"cix":2,"ix":1,"mn":"ADBE Vector Group"}],"ip":0,"op":130,"st":11,"bm":0,"sr":1},{"ddd":0,"ind":10,"ty":5,"nm":"date 2","ks":{"o":{"a":1,"k":[{"i":{"x":[0.667],"y":[1]},"o":{"x":[0.657],"y":[0]},"n":["0p667_1_0p657_0"],"t":10,"s":[0],"e":[100]},{"i":{"x":[0.667],"y":[0.667]},"o":{"x":[0.167],"y":[0.167]},"n":["0p667_0p667_0p167_0p167"],"t":21,"s":[100],"e":[100]},{"i":{"x":[0.667],"y":[1]},"o":{"x":[0.657],"y":[0]},"n":["0p667_1_0p657_0"],"t":61,"s":[100],"e":[0]},{"t":72}]},"r":{"a":0,"k":0},"p":{"a":1,"k":[{"i":{"x":0.667,"y":1},"o":{"x":0.657,"y":0},"n":"0p667_1_0p657_0","t":10,"s":[198,138.602,0],"e":[198,118.602,0],"to":[0,-3.33333325386047,0],"ti":[0,0,0]},{"i":{"x":0.667,"y":1},"o":{"x":0.167,"y":0},"n":"0p667_1_0p167_0","t":21,"s":[198,118.602,0],"e":[198,118.602,0],"to":[0,0,0],"ti":[0,0,0]},{"i":{"x":0.667,"y":1},"o":{"x":0.657,"y":0},"n":"0p667_1_0p657_0","t":61,"s":[198,118.602,0],"e":[198,98.602,0],"to":[0,0,0],"ti":[0,3.33332705497742,0]},{"t":72}]},"a":{"a":0,"k":[0,0,0]},"s":{"a":0,"k":[100,100,100]}},"ao":0,"t":{"d":{"k":[{"s":{"s":16,"f":"OpenSans","t":"только что","j":0,"tr":0,"lh":19.2,"ls":0,"fc":[0.55,0.56,0.65]},"t":0}]},"p":{},"m":{"g":1,"a":{"a":0,"k":[0,0]}},"a":[]},"ip":0,"op":91,"st":0,"bm":0,"sr":1},{"ddd":1,"ind":11,"ty":4,"nm":"pass 6","ks":{"o":{"a":0,"k":100},"rx":{"a":0,"k":0},"ry":{"a":0,"k":0},"rz":{"a":0,"k":0},"or":{"a":0,"k":[0,0,0]},"p":{"a":0,"k":[105.2,136,2]},"a":{"a":0,"k":[0,-21.6,0]},"s":{"a":0,"k":[100,100,100]}},"ao":0,"shapes":[{"ty":"gr","it":[{"ty":"rc","d":1,"s":{"a":0,"k":[158.4,43.2]},"p":{"a":0,"k":[0,0]},"r":{"a":0,"k":5.4},"nm":"Rectangle Path 1","mn":"ADBE Vector Shape - Rect"},{"ty":"fl","c":{"a":0,"k":[1,0.137255,0.486275,1]},"o":{"a":0,"k":100},"r":1,"nm":"Fill 1","mn":"ADBE Vector Graphic - Fill"},{"ty":"tr","p":{"a":0,"k":[0,0],"ix":2},"a":{"a":0,"k":[0,0],"ix":1},"s":{"a":0,"k":[100,100],"ix":3},"r":{"a":0,"k":0,"ix":6},"o":{"a":0,"k":100,"ix":7},"sk":{"a":0,"k":0,"ix":4},"sa":{"a":0,"k":0,"ix":5},"nm":"Transform"}],"nm":"pass","np":2,"cix":2,"ix":1,"mn":"ADBE Vector Group"}],"ip":0,"op":130,"st":11,"bm":0,"sr":1},{"ddd":0,"ind":12,"ty":5,"nm":"date","ks":{"o":{"a":1,"k":[{"i":{"x":[0.667],"y":[1]},"o":{"x":[0.657],"y":[0]},"n":["0p667_1_0p657_0"],"t":10,"s":[100],"e":[0]},{"i":{"x":[0.667],"y":[0.667]},"o":{"x":[0.167],"y":[0.167]},"n":["0p667_0p667_0p167_0p167"],"t":21,"s":[0],"e":[0]},{"i":{"x":[0.667],"y":[1]},"o":{"x":[0.657],"y":[0]},"n":["0p667_1_0p657_0"],"t":61,"s":[0],"e":[100]},{"t":72}]},"r":{"a":0,"k":0},"p":{"a":1,"k":[{"i":{"x":0.667,"y":1},"o":{"x":0.657,"y":0},"n":"0p667_1_0p657_0","t":10,"s":[198,118.602,0],"e":[198,98.602,0],"to":[0,-3.33332705497742,0],"ti":[0,-3.33333969116211,0]},{"i":{"x":0.667,"y":1},"o":{"x":0.167,"y":0},"n":"0p667_1_0p167_0","t":21,"s":[198,98.602,0],"e":[198,138.602,0],"to":[0,3.33333969116211,0],"ti":[0,-3.33333325386047,0]},{"i":{"x":0.667,"y":1},"o":{"x":0.657,"y":0},"n":"0p667_1_0p657_0","t":61,"s":[198,138.602,0],"e":[198,118.602,0],"to":[0,3.33333325386047,0],"ti":[0,3.33333325386047,0]},{"t":72}]},"a":{"a":0,"k":[0,0,0]},"s":{"a":0,"k":[100,100,100]}},"ao":0,"t":{"d":{"k":[{"s":{"s":16,"f":"OpenSans","t":"сегодня 12:30","j":0,"tr":0,"lh":19.2,"ls":0,"fc":[0.55,0.56,0.65]},"t":0}]},"p":{},"m":{"g":1,"a":{"a":0,"k":[0,0]}},"a":[]},"ip":0,"op":91,"st":0,"bm":0,"sr":1},{"ddd":0,"ind":13,"ty":2,"nm":"cover2.png","cl":"png","refId":"image_1","ks":{"o":{"a":1,"k":[{"i":{"x":[0.313],"y":[1]},"o":{"x":[0.579],"y":[0]},"n":["0p313_1_0p579_0"],"t":10,"s":[0],"e":[100]},{"i":{"x":[0.833],"y":[0.833]},"o":{"x":[0.333],"y":[0.333]},"n":["0p833_0p833_0p333_0p333"],"t":24,"s":[100],"e":[100]},{"i":{"x":[0.667],"y":[1]},"o":{"x":[0.888],"y":[0]},"n":["0p667_1_0p888_0"],"t":56,"s":[100],"e":[0]},{"t":65}]},"r":{"a":0,"k":0},"p":{"a":1,"k":[{"i":{"x":0.479,"y":1},"o":{"x":0.412,"y":0},"n":"0p479_1_0p412_0","t":10,"s":[285.5,216.5,0],"e":[237.5,216.5,0],"to":[-8,0,0],"ti":[8,0,0]},{"i":{"x":0.667,"y":0.667},"o":{"x":0.167,"y":0.167},"n":"0p667_0p667_0p167_0p167","t":24,"s":[237.5,216.5,0],"e":[237.5,216.5,0],"to":[0,0,0],"ti":[0,0,0]},{"i":{"x":0.667,"y":1},"o":{"x":0.888,"y":0},"n":"0p667_1_0p888_0","t":51,"s":[237.5,216.5,0],"e":[148.5,216.5,0],"to":[-14.8333330154419,0,0],"ti":[14.8333330154419,0,0]},{"t":65}]},"a":{"a":0,"k":[454,254,0]},"s":{"a":0,"k":[25,25,100]}},"ao":0,"ip":10,"op":91,"st":10,"bm":0,"sr":1},{"ddd":0,"ind":14,"ty":2,"nm":"cover","refId":"image_2","ks":{"o":{"a":1,"k":[{"i":{"x":[0.667],"y":[1]},"o":{"x":[0.888],"y":[0]},"n":["0p667_1_0p888_0"],"t":5,"s":[100],"e":[0]},{"i":{"x":[0.833],"y":[0.833]},"o":{"x":[0.333],"y":[0.333]},"n":["0p833_0p833_0p333_0p333"],"t":14,"s":[0],"e":[0]},{"i":{"x":[0.313],"y":[1]},"o":{"x":[0.579],"y":[0]},"n":["0p313_1_0p579_0"],"t":61,"s":[0],"e":[100]},{"t":75}]},"r":{"a":0,"k":0},"p":{"a":1,"k":[{"i":{"x":0.667,"y":1},"o":{"x":0.888,"y":0},"n":"0p667_1_0p888_0","t":0,"s":[237.5,216.5,0],"e":[148.5,216.5,0],"to":[-14.8333330154419,0,0],"ti":[-8,0,0]},{"i":{"x":0.833,"y":1},"o":{"x":0.333,"y":0},"n":"0p833_1_0p333_0","t":14,"s":[148.5,216.5,0],"e":[285.5,216.5,0],"to":[8,0,0],"ti":[-14.8333330154419,0,0]},{"i":{"x":0.479,"y":1},"o":{"x":0.412,"y":0},"n":"0p479_1_0p412_0","t":61,"s":[285.5,216.5,0],"e":[237.5,216.5,0],"to":[14.8333330154419,0,0],"ti":[8,0,0]},{"t":75}]},"a":{"a":0,"k":[454,254,0]},"s":{"a":0,"k":[25,25,100]}},"ao":0,"ip":0,"op":91,"st":0,"bm":0,"sr":1},{"ddd":0,"ind":15,"ty":4,"nm":"bg","ks":{"o":{"a":0,"k":100},"r":{"a":0,"k":0},"p":{"a":0,"k":[194,169.5,0]},"a":{"a":0,"k":[0,0,0]},"s":{"a":0,"k":[100,100,100]}},"ao":0,"ef":[{"ty":25,"nm":"Drop Shadow","mn":"ADBE Drop Shadow","ix":1,"en":1,"ef":[{"ty":2,"nm":"Shadow Color","mn":"ADBE Drop Shadow-0001","ix":1,"v":{"a":0,"k":[0.109804,0.12549,0.27451,0.17]}},{"ty":0,"nm":"Opacity","mn":"ADBE Drop Shadow-0002","ix":2,"v":{"a":0,"k":43.35}},{"ty":0,"nm":"Direction","mn":"ADBE Drop Shadow-0003","ix":3,"v":{"a":0,"k":180}},{"ty":0,"nm":"Distance","mn":"ADBE Drop Shadow-0004","ix":4,"v":{"a":0,"k":2}},{"ty":0,"nm":"Softness","mn":"ADBE Drop Shadow-0005","ix":5,"v":{"a":0,"k":15}},{"ty":7,"nm":"Shadow Only","mn":"ADBE Drop Shadow-0006","ix":6,"v":{"a":0,"k":0}},{"ty":7,"nm":"GPU Rendering","mn":"ADBE Force CPU GPU","ix":7,"v":{"a":0,"k":1}}]}],"shapes":[{"ty":"gr","it":[{"ty":"rc","d":1,"s":{"a":0,"k":[280,171]},"p":{"a":0,"k":[0,0]},"r":{"a":0,"k":6},"nm":"Rectangle Path 1","mn":"ADBE Vector Shape - Rect"},{"ty":"fl","c":{"a":0,"k":[1,1,1,1]},"o":{"a":0,"k":100},"r":1,"nm":"Fill 1","mn":"ADBE Vector Graphic - Fill"},{"ty":"tr","p":{"a":0,"k":[0,0],"ix":2},"a":{"a":0,"k":[0,0],"ix":1},"s":{"a":0,"k":[100,100],"ix":3},"r":{"a":0,"k":0,"ix":6},"o":{"a":0,"k":100,"ix":7},"sk":{"a":0,"k":0,"ix":4},"sa":{"a":0,"k":0,"ix":5},"nm":"Transform"}],"nm":"bg","np":2,"cix":2,"ix":1,"mn":"ADBE Vector Group"}],"ip":0,"op":91,"st":0,"bm":0,"sr":1},{"ddd":0,"ind":16,"ty":4,"nm":"CircleBG","ks":{"o":{"a":0,"k":100},"r":{"a":0,"k":0},"p":{"a":1,"k":[{"i":{"x":0.833,"y":0.833},"o":{"x":0.167,"y":0.167},"n":"0p833_0p833_0p167_0p167","t":0,"s":[283.5,125,0],"e":[267.5,113,0],"to":[-2.66666674613953,-2,0],"ti":[-1.16666662693024,2.83333325386047,0]},{"i":{"x":0.833,"y":0.833},"o":{"x":0.167,"y":0.167},"n":"0p833_0p833_0p167_0p167","t":31,"s":[267.5,113,0],"e":[290.5,108,0],"to":[1.16666662693024,-2.83333325386047,0],"ti":[-2.66666674613953,-2,0]},{"i":{"x":0.833,"y":0.833},"o":{"x":0.167,"y":0.167},"n":"0p833_0p833_0p167_0p167","t":62,"s":[290.5,108,0],"e":[283.5,125,0],"to":[2.66666674613953,2,0],"ti":[1.16666662693024,-2.83333325386047,0]},{"t":90}]},"a":{"a":0,"k":[0,0,0]},"s":{"a":0,"k":[100,100,100]}},"ao":0,"shapes":[{"ty":"gr","it":[{"ind":0,"ty":"sh","ix":1,"ks":{"a":0,"k":{"i":[[-49.43,0],[0,49.71],[49.43,0],[0,-49.71]],"o":[[49.43,0],[0,-49.71],[-49.43,0],[0,49.71]],"v":[[0,90],[89.5,0],[0,-90],[-89.5,0]],"c":true}},"nm":"Path 1","mn":"ADBE Vector Shape - Group"},{"ty":"gf","o":{"a":0,"k":100},"r":1,"g":{"p":5,"k":{"a":0,"k":[0,0.129,0.82,1,0.245,0.184,0.678,1,0.49,0.239,0.537,1,0.745,0.333,0.388,0.925,1,0.427,0.239,0.851]}},"s":{"a":0,"k":[-47.159,-71.677]},"e":{"a":0,"k":[49.971,68.521]},"t":1,"nm":"Gradient Fill 1","mn":"ADBE Vector Graphic - G-Fill"},{"ty":"tr","p":{"a":0,"k":[0,0],"ix":2},"a":{"a":0,"k":[0,0],"ix":1},"s":{"a":0,"k":[100,100],"ix":3},"r":{"a":0,"k":0,"ix":6},"o":{"a":0,"k":100,"ix":7},"sk":{"a":0,"k":0,"ix":4},"sa":{"a":0,"k":0,"ix":5},"nm":"Transform"}],"nm":"CircleBG","np":2,"cix":2,"ix":1,"mn":"ADBE Vector Group"}],"ip":0,"op":91,"st":0,"bm":0,"sr":1}],"chars":[{"ch":"с","size":16,"style":"Regular","w":47.61,"data":{"shapes":[{"ty":"gr","it":[{"ind":0,"ty":"sh","ix":1,"ks":{"a":0,"k":{"i":[[39.925,0.048],[43.506,-8.984],[34.244,-6.104],[20.646,-7.861],[14.014,-19.938],[19.449,-47.314],[33.822,-47.077],[40.006,-45.54],[44.287,-51.709],[40.803,-53.108],[33.089,-54.492],[16.398,-52.051],[5.615,-35.368],[7.739,-10.945],[22.232,0.977]],"o":[[43.506,-1.807],[38.818,-7.063],[24.576,-6.104],[15.339,-14.893],[14.014,-40.381],[31.949,-47.314],[38.054,-46.134],[41.797,-44.824],[42.822,-52.457],[35.66,-54.215],[22.542,-54.492],[7.771,-42.285],[5.615,-17.692],[16.235,-1.408],[35.416,0.977]],"v":[[43.506,-1.807],[43.506,-8.984],[29.785,-6.104],[17.993,-11.377],[14.014,-26.514],[30.322,-47.314],[35.938,-46.606],[41.797,-44.824],[44.287,-51.709],[38.232,-53.662],[30.518,-54.492],[12.085,-47.168],[5.615,-26.416],[11.987,-6.177],[29.98,0.977]],"c":true}},"nm":"с","mn":"ADBE Vector Shape - Group"}],"nm":"с","np":3,"cix":2,"ix":1,"mn":"ADBE Vector Group"},{"ty":"gr","it":[{"ind":0,"ty":"sh","ix":1,"ks":{"a":0,"k":{"i":[[-3.581,1.855],[0,0],[4.459,0],[2.653,3.516],[0,6.576],[-10.873,0],[-2.116,-0.471],[-1.791,-0.716],[0,0],[2.571,0.554],[2.571,0],[4.313,-4.883],[0,-8.952],[-4.248,-4.768],[-7.748,0]],"o":[[0,0],[-4.688,1.921],[-5.209,0],[-2.654,-3.516],[0,-13.867],[1.627,0],[2.116,0.472],[0,0],[-1.465,-0.748],[-2.572,-0.553],[-7.976,0],[-4.314,4.883],[0,8.724],[4.248,4.769],[5.436,0]],"v":[[91.113,-1.807],[91.113,-8.984],[77.393,-6.104],[65.601,-11.377],[61.621,-26.514],[77.93,-47.314],[83.545,-46.606],[89.404,-44.824],[91.895,-51.709],[85.84,-53.662],[78.125,-54.492],[59.692,-47.168],[53.223,-26.416],[59.595,-6.177],[77.588,0.977]],"c":true}},"nm":"с","mn":"ADBE Vector Shape - Group"}],"nm":"с","np":3,"cix":2,"ix":2,"mn":"ADBE Vector Group"}]},"fFamily":"Open Sans"},{"ch":"е","size":16,"style":"Regular","w":56.1,"data":{"shapes":[{"ty":"gr","it":[{"ind":0,"ty":"sh","ix":1,"ks":{"a":0,"k":{"i":[[37.898,0.708],[45.719,-1.253],[48.584,-9.717],[37.256,-6.104],[21.785,-7.731],[14.177,-19.01],[50.879,-25.293],[50.879,-30.42],[48.926,-43.465],[35.807,-54.492],[16.235,-51.953],[5.615,-34.944],[7.902,-11.067],[23.291,0.977]],"o":[[43.009,-0.366],[48.584,-2.49],[42.952,-7.308],[26.025,-6.104],[15.763,-14.241],[14.014,-25.293],[50.879,-25.293],[50.879,-37.647],[41.114,-52.287],[21.94,-54.492],[7.739,-41.797],[5.615,-17.756],[17.049,-1.432],[34.814,0.977]],"v":[[40.454,0.171],[48.584,-2.49],[48.584,-9.717],[31.494,-6.104],[18.774,-10.986],[14.014,-25.293],[50.879,-25.293],[50.879,-30.42],[45.02,-47.876],[29.102,-54.492],[11.987,-46.875],[5.615,-26.318],[12.476,-6.25],[31.201,0.977]],"c":true}},"nm":"е","mn":"ADBE Vector Shape - Group"},{"ind":1,"ty":"sh","ix":2,"ks":{"a":0,"k":{"i":[[36.491,-46.346],[42.188,-36.995],[14.209,-31.885],[16.17,-40.706],[24.707,-47.705]],"o":[[41.048,-40.91],[42.188,-31.885],[14.664,-36.833],[21.281,-46.305],[33.235,-47.705]],"v":[[38.77,-43.628],[42.188,-31.885],[14.209,-31.885],[18.726,-43.506],[29.004,-47.705]],"c":true}},"nm":"е","mn":"ADBE Vector Shape - Group"}],"nm":"е","np":5,"cix":2,"ix":1,"mn":"ADBE Vector Group"},{"ty":"gr","it":[{"ind":0,"ty":"sh","ix":1,"ks":{"a":0,"k":{"i":[[-2.556,0.537],[-2.865,1.237],[0,0],[5.762,0],[3.011,3.255],[0.163,6.283],[0,0],[0,0],[3.906,4.411],[6.705,0],[4.248,-5.078],[0,-8.626],[-4.574,-4.817],[-7.91,0]],"o":[[2.555,-0.537],[0,0],[-5.632,2.409],[-5.469,0],[-3.011,-3.255],[0,0],[0,0],[0,-7.227],[-3.906,-4.411],[-7.162,0],[-4.248,5.078],[0,8.562],[4.573,4.818],[3.613,0]],"v":[[96.558,0.171],[104.688,-2.49],[104.688,-9.717],[87.598,-6.104],[74.878,-10.986],[70.117,-25.293],[106.982,-25.293],[106.982,-30.42],[101.123,-47.876],[85.205,-54.492],[68.091,-46.875],[61.719,-26.318],[68.579,-6.25],[87.305,0.977]],"c":true}},"nm":"е","mn":"ADBE Vector Shape - Group"},{"ind":1,"ty":"sh","ix":2,"ks":{"a":0,"k":{"i":[[-2.279,-2.718],[0,-5.11],[0,0],[-2.556,2.8],[-4.297,0]],"o":[[2.278,2.718],[0,0],[0.455,-4.948],[2.555,-2.799],[4.231,0]],"v":[[94.873,-43.628],[98.291,-31.885],[70.312,-31.885],[74.829,-43.506],[85.107,-47.705]],"c":true}},"nm":"е","mn":"ADBE Vector Shape - Group"},{"ty":"mm","mm":1,"nm":"Merge Paths 1","mn":"ADBE Vector Filter - Merge"}],"nm":"е","np":5,"cix":2,"ix":2,"mn":"ADBE Vector Group"}]},"fFamily":"Open Sans"},{"ch":"г","size":16,"style":"Regular","w":42.82,"data":{"shapes":[{"ty":"gr","it":[{"ind":0,"ty":"sh","ix":1,"ks":{"a":0,"k":{"i":[[40.82,-53.516],[8.594,-53.516],[8.594,0],[16.699,0],[16.699,-46.582],[40.82,-46.582]],"o":[[40.82,-53.516],[8.594,-53.516],[8.594,0],[16.699,0],[16.699,-46.582],[40.82,-46.582]],"v":[[40.82,-53.516],[8.594,-53.516],[8.594,0],[16.699,0],[16.699,-46.582],[40.82,-46.582]],"c":true}},"nm":"г","mn":"ADBE Vector Shape - Group"}],"nm":"г","np":3,"cix":2,"ix":1,"mn":"ADBE Vector Group"},{"ty":"gr","it":[{"ind":0,"ty":"sh","ix":1,"ks":{"a":0,"k":{"i":[[0,0],[0,0],[0,0],[0,0],[0,0],[0,0]],"o":[[0,0],[0,0],[0,0],[0,0],[0,0],[0,0]],"v":[[83.643,-53.516],[51.416,-53.516],[51.416,0],[59.521,0],[59.521,-46.582],[83.643,-46.582]],"c":true}},"nm":"г","mn":"ADBE Vector Shape - Group"}],"nm":"г","np":3,"cix":2,"ix":2,"mn":"ADBE Vector Group"}]},"fFamily":"Open Sans"},{"ch":"о","size":16,"style":"Regular","w":60.4,"data":{"shapes":[{"ty":"gr","it":[{"ind":0,"ty":"sh","ix":1,"ks":{"a":0,"k":{"i":[[52.58,-42.041],[37.809,-54.492],[16.52,-52.058],[5.615,-35.53],[6.624,-16.26],[13.525,-4.639],[25.195,0.977],[43.798,-1.472],[54.785,-18.083]],"o":[[43.758,-52.001],[22.574,-54.492],[7.796,-42.325],[5.615,-21.175],[10.661,-7.862],[20.947,-0.147],[37.727,0.977],[52.588,-11.271],[54.785,-35.303]],"v":[[48.169,-47.021],[30.322,-54.492],[12.158,-47.192],[5.615,-26.807],[8.643,-12.061],[17.236,-2.393],[29.98,0.977],[48.193,-6.372],[54.785,-26.807]],"c":true}},"nm":"о","mn":"ADBE Vector Shape - Group"},{"ind":1,"ty":"sh","ix":2,"ks":{"a":0,"k":{"i":[[15.364,-38.899],[24.772,-47.607],[39.51,-45.842],[46.387,-33.61],[45.011,-14.721],[35.481,-5.811],[20.849,-7.601],[14.014,-19.971]],"o":[[20.768,-45.866],[35.449,-47.607],[45.011,-38.778],[46.387,-19.938],[39.51,-7.593],[24.87,-5.811],[15.381,-14.762],[14.014,-33.708]],"v":[[18.066,-42.383],[30.078,-47.607],[42.261,-42.31],[46.387,-26.807],[42.261,-11.157],[30.176,-5.811],[18.115,-11.182],[14.014,-26.807]],"c":true}},"nm":"о","mn":"ADBE Vector Shape - Group"}],"nm":"о","np":5,"cix":2,"ix":1,"mn":"ADBE Vector Group"},{"ty":"gr","it":[{"ind":0,"ty":"sh","ix":1,"ks":{"a":0,"k":{"i":[[4.411,4.98],[7.487,0],[4.362,-4.866],[0,-8.723],[-2.019,-4.199],[-3.711,-2.246],[-4.785,0],[-4.395,4.9],[0,8.724]],"o":[[-4.411,-4.98],[-7.748,0],[-4.362,4.867],[0,5.632],[2.018,4.199],[3.711,2.246],[7.747,0],[4.395,-4.899],[0,-8.496]],"v":[[108.569,-47.021],[90.723,-54.492],[72.559,-47.192],[66.016,-26.807],[69.043,-12.061],[77.637,-2.393],[90.381,0.977],[108.594,-6.372],[115.186,-26.807]],"c":true}},"nm":"о","mn":"ADBE Vector Shape - Group"},{"ind":1,"ty":"sh","ix":2,"ks":{"a":0,"k":{"i":[[-2.702,3.484],[-5.306,0],[-2.751,-3.532],[0,-6.803],[2.75,-3.564],[5.305,0],[2.734,3.581],[0,6.836]],"o":[[2.702,-3.483],[5.371,0],[2.75,3.532],[0,6.869],[-2.751,3.564],[-5.306,0],[-2.734,-3.58],[0,-6.901]],"v":[[78.467,-42.383],[90.479,-47.607],[102.661,-42.31],[106.787,-26.807],[102.661,-11.157],[90.576,-5.811],[78.516,-11.182],[74.414,-26.807]],"c":true}},"nm":"о","mn":"ADBE Vector Shape - Group"},{"ty":"mm","mm":1,"nm":"Merge Paths 1","mn":"ADBE Vector Filter - Merge"}],"nm":"о","np":5,"cix":2,"ix":2,"mn":"ADBE Vector Group"}]},"fFamily":"Open Sans"},{"ch":"д","size":16,"style":"Regular","w":57.18,"data":{"shapes":[{"ty":"gr","it":[{"ind":0,"ty":"sh","ix":1,"ks":{"a":0,"k":{"i":[[55.078,-6.982],[47.412,-6.982],[47.412,-53.516],[20.312,-53.516],[18.928,-35.807],[10.563,-12.906],[2.002,-6.982],[2.002,18.506],[9.814,18.506],[9.814,0],[47.217,0],[47.217,18.506],[55.078,18.506]],"o":[[55.078,-6.982],[47.412,-6.982],[47.412,-53.516],[20.214,-44.368],[13.981,-19.856],[6.201,-6.982],[2.002,-6.982],[2.002,18.506],[9.814,18.506],[9.814,0],[47.217,0],[47.217,18.506],[55.078,18.506]],"v":[[55.078,-6.982],[47.412,-6.982],[47.412,-53.516],[20.312,-53.516],[16.455,-27.832],[6.201,-6.982],[2.002,-6.982],[2.002,18.506],[9.814,18.506],[9.814,0],[47.217,0],[47.217,18.506],[55.078,18.506]],"c":true}},"nm":"д","mn":"ADBE Vector Shape - Group"},{"ind":1,"ty":"sh","ix":2,"ks":{"a":0,"k":{"i":[[14.6,-6.982],[21.052,-17.765],[27.165,-39.892],[39.6,-47.119],[39.6,-6.982]],"o":[[18.116,-11.702],[25.773,-32.576],[27.588,-47.119],[39.6,-47.119],[39.6,-6.982]],"v":[[14.6,-6.982],[23.413,-25.171],[27.588,-47.119],[39.6,-47.119],[39.6,-6.982]],"c":true}},"nm":"д","mn":"ADBE Vector Shape - Group"}],"nm":"д","np":5,"cix":2,"ix":1,"mn":"ADBE Vector Group"},{"ty":"gr","it":[{"ind":0,"ty":"sh","ix":1,"ks":{"a":0,"k":{"i":[[0,0],[0,0],[0,0],[0,0],[2.473,-7.975],[4.362,-5.924],[0,0],[0,0],[0,0],[0,0],[0,0],[0,0],[0,0]],"o":[[0,0],[0,0],[0,0],[-0.098,9.148],[-2.474,7.976],[0,0],[0,0],[0,0],[0,0],[0,0],[0,0],[0,0],[0,0]],"v":[[112.256,-6.982],[104.59,-6.982],[104.59,-53.516],[77.49,-53.516],[73.633,-27.832],[63.379,-6.982],[59.18,-6.982],[59.18,18.506],[66.992,18.506],[66.992,0],[104.395,0],[104.395,18.506],[112.256,18.506]],"c":true}},"nm":"д","mn":"ADBE Vector Shape - Group"},{"ind":1,"ty":"sh","ix":2,"ks":{"a":0,"k":{"i":[[0,0],[-2.361,7.406],[-0.423,7.227],[0,0],[0,0]],"o":[[3.516,-4.72],[2.36,-7.405],[0,0],[0,0],[0,0]],"v":[[71.777,-6.982],[80.591,-25.171],[84.766,-47.119],[96.777,-47.119],[96.777,-6.982]],"c":true}},"nm":"д","mn":"ADBE Vector Shape - Group"},{"ty":"mm","mm":1,"nm":"Merge Paths 1","mn":"ADBE Vector Filter - Merge"}],"nm":"д","np":5,"cix":2,"ix":2,"mn":"ADBE Vector Group"}]},"fFamily":"Open Sans"},{"ch":"н","size":16,"style":"Regular","w":63.38,"data":{"shapes":[{"ty":"gr","it":[{"ind":0,"ty":"sh","ix":1,"ks":{"a":0,"k":{"i":[[8.594,-53.516],[8.594,0],[16.699,0],[16.699,-24.121],[46.68,-24.121],[46.68,0],[54.785,0],[54.785,-53.516],[46.68,-53.516],[46.68,-31.104],[16.699,-31.104],[16.699,-53.516]],"o":[[8.594,-53.516],[8.594,0],[16.699,0],[16.699,-24.121],[46.68,-24.121],[46.68,0],[54.785,0],[54.785,-53.516],[46.68,-53.516],[46.68,-31.104],[16.699,-31.104],[16.699,-53.516]],"v":[[8.594,-53.516],[8.594,0],[16.699,0],[16.699,-24.121],[46.68,-24.121],[46.68,0],[54.785,0],[54.785,-53.516],[46.68,-53.516],[46.68,-31.104],[16.699,-31.104],[16.699,-53.516]],"c":true}},"nm":"н","mn":"ADBE Vector Shape - Group"}],"nm":"н","np":3,"cix":2,"ix":1,"mn":"ADBE Vector Group"},{"ty":"gr","it":[{"ind":0,"ty":"sh","ix":1,"ks":{"a":0,"k":{"i":[[0,0],[0,0],[0,0],[0,0],[0,0],[0,0],[0,0],[0,0],[0,0],[0,0],[0,0],[0,0]],"o":[[0,0],[0,0],[0,0],[0,0],[0,0],[0,0],[0,0],[0,0],[0,0],[0,0],[0,0],[0,0]],"v":[[71.973,-53.516],[71.973,0],[80.078,0],[80.078,-24.121],[110.059,-24.121],[110.059,0],[118.164,0],[118.164,-53.516],[110.059,-53.516],[110.059,-31.104],[80.078,-31.104],[80.078,-53.516]],"c":true}},"nm":"н","mn":"ADBE Vector Shape - Group"}],"nm":"н","np":3,"cix":2,"ix":2,"mn":"ADBE Vector Group"}]},"fFamily":"Open Sans"},{"ch":"я","size":16,"style":"Regular","w":55.52,"data":{"shapes":[{"ty":"gr","it":[{"ind":0,"ty":"sh","ix":1,"ks":{"a":0,"k":{"i":[[25.293,-21.387],[38.818,-21.387],[38.818,0],[46.924,0],[46.924,-53.516],[23.096,-53.516],[12.614,-52.115],[4.395,-42.676],[5.493,-30.525],[13.054,-23.518],[1.807,0],[11.279,0]],"o":[[25.293,-21.387],[38.818,-21.387],[38.818,0],[46.924,0],[46.924,-53.516],[17.204,-53.516],[6.038,-46.516],[4.395,-33.821],[9.887,-25.284],[17.188,-22.607],[1.807,0],[11.279,0]],"v":[[25.293,-21.387],[38.818,-21.387],[38.818,0],[46.924,0],[46.924,-53.516],[23.096,-53.516],[9.326,-49.316],[4.395,-37.793],[7.69,-27.905],[17.188,-22.607],[1.807,0],[11.279,0]],"c":true}},"nm":"я","mn":"ADBE Vector Shape - Group"},{"ind":1,"ty":"sh","ix":2,"ks":{"a":0,"k":{"i":[[16.243,-46.484],[38.818,-46.484],[38.818,-28.418],[25.781,-28.418],[12.305,-31.51]],"o":[[24.121,-46.484],[38.818,-46.484],[38.818,-28.418],[16.797,-28.418],[12.305,-43.554]],"v":[[24.121,-46.484],[38.818,-46.484],[38.818,-28.418],[25.781,-28.418],[12.305,-37.695]],"c":true}},"nm":"я","mn":"ADBE Vector Shape - Group"}],"nm":"я","np":5,"cix":2,"ix":1,"mn":"ADBE Vector Group"},{"ty":"gr","it":[{"ind":0,"ty":"sh","ix":1,"ks":{"a":0,"k":{"i":[[0,0],[0,0],[0,0],[0,0],[0,0],[0,0],[3.288,-2.799],[0,-4.883],[-2.197,-2.62],[-4.134,-0.911],[0,0],[0,0]],"o":[[0,0],[0,0],[0,0],[0,0],[0,0],[-5.892,0],[-3.288,2.8],[0,3.972],[2.197,2.621],[0,0],[0,0],[0,0]],"v":[[80.811,-21.387],[94.336,-21.387],[94.336,0],[102.441,0],[102.441,-53.516],[78.613,-53.516],[64.844,-49.316],[59.912,-37.793],[63.208,-27.905],[72.705,-22.607],[57.324,0],[66.797,0]],"c":true}},"nm":"я","mn":"ADBE Vector Shape - Group"},{"ind":1,"ty":"sh","ix":2,"ks":{"a":0,"k":{"i":[[-7.878,0],[0,0],[0,0],[0,0],[0,6.185]],"o":[[0,0],[0,0],[0,0],[-8.984,0],[0,-5.859]],"v":[[79.639,-46.484],[94.336,-46.484],[94.336,-28.418],[81.299,-28.418],[67.822,-37.695]],"c":true}},"nm":"я","mn":"ADBE Vector Shape - Group"},{"ty":"mm","mm":1,"nm":"Merge Paths 1","mn":"ADBE Vector Filter - Merge"}],"nm":"я","np":5,"cix":2,"ix":2,"mn":"ADBE Vector Group"}]},"fFamily":"Open Sans"},{"ch":" ","size":16,"style":"Regular","w":25.98,"data":{},"fFamily":"Open Sans"},{"ch":"1","size":16,"style":"Regular","w":57.18,"data":{"shapes":[{"ty":"gr","it":[{"ind":0,"ty":"sh","ix":1,"ks":{"a":0,"k":{"i":[[34.912,-71.387],[28.076,-71.387],[9.18,-56.787],[13.477,-51.221],[24.251,-59.993],[26.709,-62.207],[27.002,-55.11],[27.002,0],[34.912,0]],"o":[[34.912,-71.387],[28.076,-71.387],[9.18,-56.787],[20.378,-56.819],[25.944,-61.49],[27.132,-59.114],[27.002,-50.879],[27.002,0],[34.912,0]],"v":[[34.912,-71.387],[28.076,-71.387],[9.18,-56.787],[13.477,-51.221],[25.098,-60.742],[27.393,-62.891],[27.002,-50.879],[27.002,0],[34.912,0]],"c":true}},"nm":"1","mn":"ADBE Vector Shape - Group"}],"nm":"1","np":3,"cix":2,"ix":1,"mn":"ADBE Vector Group"},{"ty":"gr","it":[{"ind":0,"ty":"sh","ix":1,"ks":{"a":0,"k":{"i":[[0,0],[0,0],[0,0],[0,0],[-0.847,0.749],[-0.684,0.684],[0,-4.231],[0,0],[0,0]],"o":[[0,0],[0,0],[0,0],[6.901,-5.598],[0.846,-0.748],[-0.261,3.777],[0,0],[0,0],[0,0]],"v":[[92.09,-71.387],[85.254,-71.387],[66.357,-56.787],[70.654,-51.221],[82.275,-60.742],[84.57,-62.891],[84.18,-50.879],[84.18,0],[92.09,0]],"c":true}},"nm":"1","mn":"ADBE Vector Shape - Group"}],"nm":"1","np":3,"cix":2,"ix":2,"mn":"ADBE Vector Group"}]},"fFamily":"Open Sans"},{"ch":"2","size":16,"style":"Regular","w":57.18,"data":{"shapes":[{"ty":"gr","it":[{"ind":0,"ty":"sh","ix":1,"ks":{"a":0,"k":{"i":[[51.807,-7.52],[15.088,-7.52],[15.088,-7.91],[30.713,-23.193],[42.432,-35.563],[48.779,-48.893],[46.875,-63.826],[34,-72.412],[12.386,-69.678],[10.107,-58.691],[16.316,-63.037],[24.431,-65.479],[34.7,-64.363],[40.479,-56.885],[40.022,-47.852],[36.833,-40.754],[29.411,-31.673],[4.883,-6.982],[4.883,0],[51.807,0]],"o":[[51.807,-7.52],[15.088,-7.52],[15.088,-7.91],[37.679,-29.963],[47.51,-44.417],[48.779,-59.212],[39.257,-70.695],[19.547,-72.412],[5.811,-64.209],[13.362,-61.262],[21.623,-64.991],[31.495,-65.479],[39.323,-59.904],[40.479,-50.374],[38.199,-43.164],[33.187,-35.807],[23.682,-25.879],[4.883,-6.982],[4.883,0],[51.807,0]],"v":[[51.807,-7.52],[15.088,-7.52],[15.088,-7.91],[30.713,-23.193],[44.971,-39.99],[48.779,-53.418],[43.066,-67.261],[27.295,-72.412],[5.811,-64.209],[10.107,-58.691],[18.97,-64.014],[27.393,-65.479],[37.012,-62.134],[40.479,-53.076],[39.111,-45.508],[35.01,-38.281],[23.682,-25.879],[4.883,-6.982],[4.883,0],[51.807,0]],"c":true}},"nm":"2","mn":"ADBE Vector Shape - Group"}],"nm":"2","np":3,"cix":2,"ix":1,"mn":"ADBE Vector Group"},{"ty":"gr","it":[{"ind":0,"ty":"sh","ix":1,"ks":{"a":0,"k":{"i":[[0,0],[0,0],[0,0],[0,0],[-2.539,4.427],[0,4.525],[3.809,3.435],[6.705,0],[6.575,-5.469],[0,0],[-2.654,0.977],[-2.962,0],[-2.312,-2.229],[0,-3.809],[0.911,-2.344],[1.823,-2.473],[5.729,-5.794],[0,0],[0,0],[0,0]],"o":[[0,0],[0,0],[0,0],[6.966,-6.77],[2.539,-4.427],[0,-5.794],[-3.809,-3.434],[-7.748,0],[0,0],[3.255,-2.571],[2.653,-0.977],[4.102,0],[2.311,2.23],[0,2.702],[-0.912,2.344],[-1.823,2.474],[0,0],[0,0],[0,0],[0,0]],"v":[[108.984,-7.52],[72.266,-7.52],[72.266,-7.91],[87.891,-23.193],[102.148,-39.99],[105.957,-53.418],[100.244,-67.261],[84.473,-72.412],[62.988,-64.209],[67.285,-58.691],[76.147,-64.014],[84.57,-65.479],[94.189,-62.134],[97.656,-53.076],[96.289,-45.508],[92.188,-38.281],[80.859,-25.879],[62.061,-6.982],[62.061,0],[108.984,0]],"c":true}},"nm":"2","mn":"ADBE Vector Shape - Group"}],"nm":"2","np":3,"cix":2,"ix":2,"mn":"ADBE Vector Group"}]},"fFamily":"Open Sans"},{"ch":":","size":16,"style":"Regular","w":26.61,"data":{"shapes":[{"ty":"gr","it":[{"ind":0,"ty":"sh","ix":1,"ks":{"a":0,"k":{"i":[[7.967,-1.147],[11.524,1.416],[16.504,0.846],[19.189,-3.06],[18.66,-9.009],[15.072,-11.816],[9.904,-11.255],[7.422,-7.356]],"o":[[10.148,0.903],[15.039,1.416],[18.652,-1.432],[19.189,-7.356],[16.545,-11.255],[11.329,-11.816],[7.918,-9.009],[7.422,-2.832]],"v":[[9.058,-0.122],[13.184,1.416],[17.578,-0.293],[19.189,-5.176],[17.603,-10.132],[13.184,-11.816],[8.911,-10.132],[7.422,-5.176]],"c":true}},"nm":":","mn":"ADBE Vector Shape - Group"},{"ind":1,"ty":"sh","ix":2,"ks":{"a":0,"k":{"i":[[7.967,-44.262],[11.524,-41.699],[16.504,-42.268],[19.189,-46.175],[17.188,-54.883],[7.422,-52.686]],"o":[[10.148,-42.212],[15.039,-41.699],[18.652,-44.547],[19.189,-52.686],[9.343,-54.883],[7.422,-45.947]],"v":[[9.058,-43.237],[13.184,-41.699],[17.578,-43.408],[19.189,-48.291],[13.184,-54.883],[7.422,-48.291]],"c":true}},"nm":":","mn":"ADBE Vector Shape - Group"}],"nm":":","np":5,"cix":2,"ix":1,"mn":"ADBE Vector Group"},{"ty":"gr","it":[{"ind":0,"ty":"sh","ix":1,"ks":{"a":0,"k":{"i":[[-1.091,-1.025],[-1.66,0],[-1.074,1.139],[0,2.116],[1.057,1.123],[1.888,0],[0.993,-1.123],[0,-2.18]],"o":[[1.09,1.025],[1.855,0],[1.074,-1.139],[0,-2.18],[-1.058,-1.123],[-1.855,0],[-0.993,1.123],[0,2.344]],"v":[[35.669,-0.122],[39.795,1.416],[44.189,-0.293],[45.801,-5.176],[44.214,-10.132],[39.795,-11.816],[35.522,-10.132],[34.033,-5.176]],"c":true}},"nm":":","mn":"ADBE Vector Shape - Group"},{"ind":1,"ty":"sh","ix":2,"ks":{"a":0,"k":{"i":[[-1.091,-1.025],[-1.66,0],[-1.074,1.14],[0,2.116],[4.004,0],[0,-4.395]],"o":[[1.09,1.025],[1.855,0],[1.074,-1.139],[0,-4.395],[-3.841,0],[0,2.344]],"v":[[35.669,-43.237],[39.795,-41.699],[44.189,-43.408],[45.801,-48.291],[39.795,-54.883],[34.033,-48.291]],"c":true}},"nm":":","mn":"ADBE Vector Shape - Group"},{"ty":"mm","mm":1,"nm":"Merge Paths 1","mn":"ADBE Vector Filter - Merge"}],"nm":":","np":5,"cix":2,"ix":2,"mn":"ADBE Vector Group"}]},"fFamily":"Open Sans"},{"ch":"3","size":16,"style":"Regular","w":57.18,"data":{"shapes":[{"ty":"gr","it":[{"ind":0,"ty":"sh","ix":1,"ks":{"a":0,"k":{"i":[[47.2,-64.477],[34.131,-72.412],[18.937,-71.753],[7.91,-67.301],[9.082,-59.521],[15.788,-63.362],[24.268,-65.479],[34.741,-64.485],[40.723,-57.78],[39.095,-46.524],[28.173,-40.381],[15.479,-40.381],[15.479,-33.398],[22.51,-33.398],[42.92,-29.069],[36.751,-5.908],[17.977,-6.306],[7.682,-9.066],[4.59,-2.881],[10.603,-0.447],[20.344,0.977],[39.518,-0.855],[51.318,-13.411],[49.934,-28.808],[40.153,-36.491],[34.424,-37.598],[42.732,-40.51],[49.121,-50.032]],"o":[[39.518,-70.825],[22.965,-72.412],[11.287,-69.117],[4.98,-64.99],[12.63,-61.799],[21.321,-65.055],[31.495,-65.479],[39.527,-60.514],[40.723,-49.935],[32.585,-41.609],[22.607,-40.381],[15.479,-40.381],[15.479,-33.398],[36.116,-33.398],[42.92,-10.742],[21.289,-5.908],[10.978,-7.901],[4.59,-10.596],[7.552,-1.448],[16.886,0.691],[32.812,0.977],[48.958,-8.179],[51.318,-24.967],[44.401,-34.668],[34.424,-37.207],[39.112,-38.575],[47.843,-46.305],[49.121,-60.124]],"v":[[43.359,-67.651],[27.197,-72.412],[15.112,-70.435],[4.98,-64.99],[9.082,-59.521],[18.555,-64.209],[27.393,-65.479],[37.134,-62.5],[40.723,-54.297],[35.84,-44.067],[22.607,-40.381],[15.479,-40.381],[15.479,-33.398],[22.51,-33.398],[42.92,-20.41],[24.414,-5.908],[14.478,-7.104],[4.59,-10.596],[4.59,-2.881],[13.745,0.122],[24.121,0.977],[44.238,-4.517],[51.318,-20.215],[47.168,-31.738],[34.424,-37.207],[34.424,-37.598],[45.288,-43.408],[49.121,-54.59]],"c":true}},"nm":"3","mn":"ADBE Vector Shape - Group"}],"nm":"3","np":3,"cix":2,"ix":1,"mn":"ADBE Vector Group"},{"ty":"gr","it":[{"ind":0,"ty":"sh","ix":1,"ks":{"a":0,"k":{"i":[[3.841,3.174],[6.934,0],[3.825,-1.318],[2.93,-2.311],[0,0],[-2.767,0.847],[-3.125,0],[-2.393,-1.985],[0,-3.483],[3.255,-2.457],[5.566,0],[0,0],[0,0],[0,0],[0,-8.659],[12.337,0],[3.499,0.798],[3.092,1.53],[0,0],[-3.142,-0.569],[-3.777,0],[-4.72,3.662],[0,6.804],[2.766,2.93],[5.729,0.716],[0,0],[-2.556,2.898],[0,4.558]],"o":[[-3.841,-3.174],[-4.232,0],[-3.825,1.318],[0,0],[3.548,-2.278],[2.766,-0.846],[4.102,0],[2.393,1.986],[0,4.362],[-3.255,2.458],[0,0],[0,0],[0,0],[13.606,0],[0,9.668],[-3.125,0],[-3.5,-0.797],[0,0],[2.962,1.433],[3.141,0.569],[8.691,0],[4.72,-3.662],[0,-4.752],[-2.767,-2.93],[0,0],[4.688,-0.977],[2.555,-2.897],[0,-5.534]],"v":[[100.537,-67.651],[84.375,-72.412],[72.29,-70.435],[62.158,-64.99],[66.26,-59.521],[75.732,-64.209],[84.57,-65.479],[94.312,-62.5],[97.9,-54.297],[93.018,-44.067],[79.785,-40.381],[72.656,-40.381],[72.656,-33.398],[79.688,-33.398],[100.098,-20.41],[81.592,-5.908],[71.655,-7.104],[61.768,-10.596],[61.768,-2.881],[70.923,0.122],[81.299,0.977],[101.416,-4.517],[108.496,-20.215],[104.346,-31.738],[91.602,-37.207],[91.602,-37.598],[102.466,-43.408],[106.299,-54.59]],"c":true}},"nm":"3","mn":"ADBE Vector Shape - Group"}],"nm":"3","np":3,"cix":2,"ix":2,"mn":"ADBE Vector Group"}]},"fFamily":"Open Sans"},{"ch":"0","size":16,"style":"Regular","w":57.18,"data":{"shapes":[{"ty":"gr","it":[{"ind":0,"ty":"sh","ix":1,"ks":{"a":0,"k":{"i":[[50.187,-56.803],[36.263,-72.51],[14.664,-69.499],[4.98,-48.225],[6.982,-14.607],[20.833,0.977],[42.472,-2.067],[52.197,-23.454]],"o":[[42.146,-69.368],[20.573,-72.51],[6.917,-57.454],[4.98,-23.746],[14.99,-2.14],[36.524,0.977],[50.251,-14.241],[52.197,-47.705]],"v":[[46.167,-63.086],[28.516,-72.51],[10.791,-63.477],[4.98,-35.791],[10.986,-8.374],[28.516,0.977],[46.362,-8.154],[52.197,-35.791]],"c":true}},"nm":"0","mn":"ADBE Vector Shape - Group"},{"ind":1,"ty":"sh","ix":2,"ks":{"a":0,"k":{"i":[[14.405,-53.719],[23.177,-65.479],[37.834,-63.093],[43.896,-46.045],[42.684,-18.009],[33.919,-6.006],[19.287,-8.374],[13.184,-25.407]],"o":[[19.287,-63.127],[33.919,-65.479],[42.684,-53.556],[43.896,-25.537],[37.834,-8.406],[23.177,-6.006],[14.405,-17.846],[13.184,-46.175]],"v":[[16.846,-58.423],[28.516,-65.479],[40.259,-58.325],[43.896,-35.791],[40.259,-13.208],[28.516,-6.006],[16.846,-13.11],[13.184,-35.791]],"c":true}},"nm":"0","mn":"ADBE Vector Shape - Group"}],"nm":"0","np":5,"cix":2,"ix":1,"mn":"ADBE Vector Group"},{"ty":"gr","it":[{"ind":0,"ty":"sh","ix":1,"ks":{"a":0,"k":{"i":[[4.02,6.283],[7.747,0],[3.873,-6.022],[0,-12.434],[-4.004,-6.233],[-7.683,0],[-3.89,6.087],[0,12.337]],"o":[[-4.021,-6.282],[-7.943,0],[-3.874,6.023],[0,12.045],[4.004,6.234],[8.008,0],[3.889,-6.087],[0,-11.914]],"v":[[103.345,-63.086],[85.693,-72.51],[67.969,-63.477],[62.158,-35.791],[68.164,-8.374],[85.693,0.977],[103.54,-8.154],[109.375,-35.791]],"c":true}},"nm":"0","mn":"ADBE Vector Shape - Group"},{"ind":1,"ty":"sh","ix":2,"ks":{"a":0,"k":{"i":[[-2.441,4.704],[-5.339,0],[-2.425,-4.768],[0,-10.254],[2.425,-4.801],[5.403,0],[2.441,4.736],[0,10.384]],"o":[[2.441,-4.704],[5.403,0],[2.425,4.769],[0,10.254],[-2.425,4.802],[-5.339,0],[-2.441,-4.736],[0,-10.384]],"v":[[74.023,-58.423],[85.693,-65.479],[97.437,-58.325],[101.074,-35.791],[97.437,-13.208],[85.693,-6.006],[74.023,-13.11],[70.361,-35.791]],"c":true}},"nm":"0","mn":"ADBE Vector Shape - Group"},{"ty":"mm","mm":1,"nm":"Merge Paths 1","mn":"ADBE Vector Filter - Merge"}],"nm":"0","np":5,"cix":2,"ix":2,"mn":"ADBE Vector Group"}]},"fFamily":"Open Sans"},{"ch":"т","size":16,"style":"Regular","w":46.68,"data":{"shapes":[{"ty":"gr","it":[{"ind":0,"ty":"sh","ix":1,"ks":{"a":0,"k":{"i":[[44.678,-53.516],[2.002,-53.516],[2.002,-46.582],[19.189,-46.582],[19.189,0],[27.295,0],[27.295,-46.582],[44.678,-46.582]],"o":[[44.678,-53.516],[2.002,-53.516],[2.002,-46.582],[19.189,-46.582],[19.189,0],[27.295,0],[27.295,-46.582],[44.678,-46.582]],"v":[[44.678,-53.516],[2.002,-53.516],[2.002,-46.582],[19.189,-46.582],[19.189,0],[27.295,0],[27.295,-46.582],[44.678,-46.582]],"c":true}},"nm":"т","mn":"ADBE Vector Shape - Group"}],"nm":"т","np":3,"cix":2,"ix":1,"mn":"ADBE Vector Group"},{"ty":"gr","it":[{"ind":0,"ty":"sh","ix":1,"ks":{"a":0,"k":{"i":[[0,0],[0,0],[0,0],[0,0],[0,0],[0,0],[0,0],[0,0]],"o":[[0,0],[0,0],[0,0],[0,0],[0,0],[0,0],[0,0],[0,0]],"v":[[91.357,-53.516],[48.682,-53.516],[48.682,-46.582],[65.869,-46.582],[65.869,0],[73.975,0],[73.975,-46.582],[91.357,-46.582]],"c":true}},"nm":"т","mn":"ADBE Vector Shape - Group"}],"nm":"т","np":3,"cix":2,"ix":2,"mn":"ADBE Vector Group"}]},"fFamily":"Open Sans"},{"ch":"л","size":16,"style":"Regular","w":57.08,"data":{"shapes":[{"ty":"gr","it":[{"ind":0,"ty":"sh","ix":1,"ks":{"a":0,"k":{"i":[[48.486,-53.516],[17.188,-53.516],[14.371,-25.39],[6.966,-5.615],[1.497,-5.713],[0.781,0.098],[3.222,0.684],[11.988,-0.895],[18.995,-12.19],[23.34,-34.993],[40.283,-46.582],[40.283,0],[48.486,0]],"o":[[48.486,-53.516],[16.048,-37.403],[9.944,-9.57],[2.311,-5.615],[0.781,-5.908],[1.822,0.489],[8.821,0.684],[16.968,-7.21],[22.119,-25.797],[24.219,-46.582],[40.283,-46.582],[40.283,0],[48.486,0]],"v":[[48.486,-53.516],[17.188,-53.516],[12.158,-17.48],[3.223,-5.615],[0.781,-5.908],[0.781,0.098],[4.98,0.684],[14.478,-4.053],[20.557,-18.994],[24.219,-46.582],[40.283,-46.582],[40.283,0],[48.486,0]],"c":true}},"nm":"л","mn":"ADBE Vector Shape - Group"}],"nm":"л","np":3,"cix":2,"ix":1,"mn":"ADBE Vector Group"},{"ty":"gr","it":[{"ind":0,"ty":"sh","ix":1,"ks":{"a":0,"k":{"i":[[0,0],[0,0],[2.213,-7.91],[3.743,0],[0.716,0.195],[0,0],[-1.758,0],[-2.49,3.158],[-1.562,6.804],[-0.879,11.589],[0,0],[0,0],[0,0]],"o":[[0,0],[-1.14,16.113],[-2.214,7.91],[-0.912,0],[0,0],[1.041,0.391],[3.841,0],[2.49,-3.157],[1.562,-6.803],[0,0],[0,0],[0,0],[0,0]],"v":[[105.566,-53.516],[74.268,-53.516],[69.238,-17.48],[60.303,-5.615],[57.861,-5.908],[57.861,0.098],[62.061,0.684],[71.558,-4.053],[77.637,-18.994],[81.299,-46.582],[97.363,-46.582],[97.363,0],[105.566,0]],"c":true}},"nm":"л","mn":"ADBE Vector Shape - Group"}],"nm":"л","np":3,"cix":2,"ix":2,"mn":"ADBE Vector Group"}]},"fFamily":"Open Sans"},{"ch":"ь","size":16,"style":"Regular","w":59.18,"data":{"shapes":[{"ty":"gr","it":[{"ind":0,"ty":"sh","ix":1,"ks":{"a":0,"k":{"i":[[16.699,-53.516],[8.594,-53.516],[8.594,0],[32.715,0],[44.8,-1.399],[53.711,-11.036],[46.875,-31.396],[16.699,-31.396]],"o":[[16.699,-53.516],[8.594,-53.516],[8.594,0],[39.583,0],[51.928,-6.998],[53.711,-26.368],[33.203,-31.396],[16.699,-31.396]],"v":[[16.699,-53.516],[8.594,-53.516],[8.594,0],[32.715,0],[48.364,-4.199],[53.711,-16.309],[33.203,-31.396],[16.699,-31.396]],"c":true}},"nm":"ь","mn":"ADBE Vector Shape - Group"},{"ind":1,"ty":"sh","ix":2,"ks":{"a":0,"k":{"i":[[32.08,-24.414],[40.356,-23.722],[45.605,-18.782],[44.466,-10.53],[36.621,-6.787],[16.699,-6.787],[16.699,-24.414]],"o":[[36.897,-24.414],[44.556,-20.955],[45.605,-12.793],[39.909,-7.535],[32.324,-6.787],[16.699,-6.787],[16.699,-24.414]],"v":[[32.08,-24.414],[42.456,-22.339],[45.605,-15.82],[42.188,-9.033],[32.324,-6.787],[16.699,-6.787],[16.699,-24.414]],"c":true}},"nm":"ь","mn":"ADBE Vector Shape - Group"}],"nm":"ь","np":5,"cix":2,"ix":1,"mn":"ADBE Vector Group"},{"ty":"gr","it":[{"ind":0,"ty":"sh","ix":1,"ks":{"a":0,"k":{"i":[[0,0],[0,0],[0,0],[0,0],[-3.564,2.8],[0,5.273],[13.672,0],[0,0]],"o":[[0,0],[0,0],[0,0],[6.868,0],[3.564,-2.799],[0,-10.059],[0,0],[0,0]],"v":[[75.879,-53.516],[67.773,-53.516],[67.773,0],[91.895,0],[107.544,-4.199],[112.891,-16.309],[92.383,-31.396],[75.879,-31.396]],"c":true}},"nm":"ь","mn":"ADBE Vector Shape - Group"},{"ind":1,"ty":"sh","ix":2,"ks":{"a":0,"k":{"i":[[0,0],[-2.1,-1.383],[0,-2.962],[2.278,-1.497],[4.297,0],[0,0],[0,0]],"o":[[4.817,0],[2.1,1.384],[0,3.027],[-2.279,1.498],[0,0],[0,0],[0,0]],"v":[[91.26,-24.414],[101.636,-22.339],[104.785,-15.82],[101.367,-9.033],[91.504,-6.787],[75.879,-6.787],[75.879,-24.414]],"c":true}},"nm":"ь","mn":"ADBE Vector Shape - Group"},{"ty":"mm","mm":1,"nm":"Merge Paths 1","mn":"ADBE Vector Filter - Merge"}],"nm":"ь","np":5,"cix":2,"ix":2,"mn":"ADBE Vector Group"}]},"fFamily":"Open Sans"},{"ch":"к","size":16,"style":"Regular","w":51.9,"data":{"shapes":[{"ty":"gr","it":[{"ind":0,"ty":"sh","ix":1,"ks":{"a":0,"k":{"i":[[16.699,-27.49],[16.699,-53.516],[8.594,-53.516],[8.594,0],[16.699,0],[16.699,-27.1],[41.113,0],[50.586,0],[25.586,-27.686],[48.682,-53.516],[39.795,-53.516]],"o":[[16.699,-27.49],[16.699,-53.516],[8.594,-53.516],[8.594,0],[16.699,0],[16.699,-27.1],[41.113,0],[50.586,0],[25.586,-27.686],[48.682,-53.516],[39.795,-53.516]],"v":[[16.699,-27.49],[16.699,-53.516],[8.594,-53.516],[8.594,0],[16.699,0],[16.699,-27.1],[41.113,0],[50.586,0],[25.586,-27.686],[48.682,-53.516],[39.795,-53.516]],"c":true}},"nm":"к","mn":"ADBE Vector Shape - Group"}],"nm":"к","np":3,"cix":2,"ix":1,"mn":"ADBE Vector Group"},{"ty":"gr","it":[{"ind":0,"ty":"sh","ix":1,"ks":{"a":0,"k":{"i":[[0,0],[0,0],[0,0],[0,0],[0,0],[0,0],[0,0],[0,0],[0,0],[0,0],[0,0]],"o":[[0,0],[0,0],[0,0],[0,0],[0,0],[0,0],[0,0],[0,0],[0,0],[0,0],[0,0]],"v":[[68.604,-27.49],[68.604,-53.516],[60.498,-53.516],[60.498,0],[68.604,0],[68.604,-27.1],[93.018,0],[102.49,0],[77.49,-27.686],[100.586,-53.516],[91.699,-53.516]],"c":true}},"nm":"к","mn":"ADBE Vector Shape - Group"}],"nm":"к","np":3,"cix":2,"ix":2,"mn":"ADBE Vector Group"}]},"fFamily":"Open Sans"},{"ch":"ч","size":16,"style":"Regular","w":60.79,"data":{"shapes":[{"ty":"gr","it":[{"ind":0,"ty":"sh","ix":1,"ks":{"a":0,"k":{"i":[[7.617,-53.516],[7.617,-33.398],[9.131,-24.82],[19.368,-17.822],[31.681,-18.302],[40.674,-21.875],[44.092,0],[52.197,0],[52.197,-53.516],[44.092,-53.516],[44.092,-30.615],[37.614,-26.888],[29.378,-24.609],[15.723,-27.734],[15.723,-53.516]],"o":[[7.617,-53.516],[7.617,-28.613],[15.185,-19.221],[28.385,-17.822],[37.508,-20.223],[44.092,-24.219],[44.092,0],[52.197,0],[52.197,-53.516],[44.092,-53.516],[40.674,-28.434],[32.21,-25.065],[19.287,-24.609],[15.723,-33.984],[15.723,-53.516]],"v":[[7.617,-53.516],[7.617,-33.398],[12.158,-22.021],[24.707,-17.822],[34.595,-19.263],[44.092,-24.219],[44.092,0],[52.197,0],[52.197,-53.516],[44.092,-53.516],[44.092,-30.615],[34.912,-25.977],[26.416,-24.609],[15.723,-33.984],[15.723,-53.516]],"c":true}},"nm":"ч","mn":"ADBE Vector Shape - Group"}],"nm":"ч","np":3,"cix":2,"ix":1,"mn":"ADBE Vector Group"},{"ty":"gr","it":[{"ind":0,"ty":"sh","ix":1,"ks":{"a":0,"k":{"i":[[0,0],[0,0],[-3.027,-2.799],[-5.339,0],[-2.914,0.961],[-3.418,2.344],[0,0],[0,0],[0,0],[0,0],[0,0],[2.702,-0.911],[2.962,0],[0,6.25],[0,0]],"o":[[0,0],[0,4.785],[3.027,2.8],[3.678,0],[2.913,-0.96],[0,0],[0,0],[0,0],[0,0],[0,0],[-3.418,2.181],[-2.702,0.912],[-7.129,0],[0,0],[0,0]],"v":[[68.408,-53.516],[68.408,-33.398],[72.949,-22.021],[85.498,-17.822],[95.386,-19.263],[104.883,-24.219],[104.883,0],[112.988,0],[112.988,-53.516],[104.883,-53.516],[104.883,-30.615],[95.703,-25.977],[87.207,-24.609],[76.514,-33.984],[76.514,-53.516]],"c":true}},"nm":"ч","mn":"ADBE Vector Shape - Group"}],"nm":"ч","np":3,"cix":2,"ix":2,"mn":"ADBE Vector Group"}]},"fFamily":"Open Sans"},{"ch":"Д","size":21.6000003814697,"style":"Regular","w":68.31,"data":{"shapes":[{"ty":"gr","it":[{"ind":0,"ty":"sh","ix":1,"ks":{"a":0,"k":{"i":[[66.113,-7.52],[57.08,-7.52],[57.08,-71.387],[25,-71.387],[22.631,-50.358],[11.214,-15.95],[0.684,-7.52],[0.684,18.604],[8.594,18.604],[8.594,0],[58.203,0],[58.203,18.604],[66.113,18.604]],"o":[[66.113,-7.52],[57.08,-7.52],[57.08,-71.387],[24.609,-61.393],[15.503,-26.204],[6.201,-7.52],[0.684,-7.52],[0.684,18.604],[8.594,18.604],[8.594,0],[58.203,0],[58.203,18.604],[66.113,18.604]],"v":[[66.113,-7.52],[57.08,-7.52],[57.08,-71.387],[25,-71.387],[19.067,-38.281],[6.201,-7.52],[0.684,-7.52],[0.684,18.604],[8.594,18.604],[8.594,0],[58.203,0],[58.203,18.604],[66.113,18.604]],"c":true}},"nm":"Д","mn":"ADBE Vector Shape - Group"},{"ind":1,"ty":"sh","ix":2,"ks":{"a":0,"k":{"i":[[14.893,-7.52],[23.258,-24.47],[31.934,-56.038],[48.779,-63.916],[48.779,-7.52]],"o":[[19.352,-15.137],[29.963,-46.573],[32.52,-63.916],[48.779,-63.916],[48.779,-7.52]],"v":[[14.893,-7.52],[26.611,-35.522],[32.52,-63.916],[48.779,-63.916],[48.779,-7.52]],"c":true}},"nm":"Д","mn":"ADBE Vector Shape - Group"}],"nm":"Д","np":5,"cix":2,"ix":1,"mn":"ADBE Vector Group"},{"ty":"gr","it":[{"ind":0,"ty":"sh","ix":1,"ks":{"a":0,"k":{"i":[[0,0],[0,0],[0,0],[0,0],[3.564,-12.077],[5.013,-8.43],[0,0],[0,0],[0,0],[0,0],[0,0],[0,0],[0,0]],"o":[[0,0],[0,0],[0,0],[-0.391,9.994],[-3.564,12.077],[0,0],[0,0],[0,0],[0,0],[0,0],[0,0],[0,0],[0,0]],"v":[[134.424,-7.52],[125.391,-7.52],[125.391,-71.387],[93.311,-71.387],[87.378,-38.281],[74.512,-7.52],[68.994,-7.52],[68.994,18.604],[76.904,18.604],[76.904,0],[126.514,0],[126.514,18.604],[134.424,18.604]],"c":true}},"nm":"Д","mn":"ADBE Vector Shape - Group"},{"ind":1,"ty":"sh","ix":2,"ks":{"a":0,"k":{"i":[[0,0],[-3.353,11.052],[-0.586,7.878],[0,0],[0,0]],"o":[[4.459,-7.617],[3.352,-11.051],[0,0],[0,0],[0,0]],"v":[[83.203,-7.52],[94.922,-35.522],[100.83,-63.916],[117.09,-63.916],[117.09,-7.52]],"c":true}},"nm":"Д","mn":"ADBE Vector Shape - Group"},{"ty":"mm","mm":1,"nm":"Merge Paths 1","mn":"ADBE Vector Filter - Merge"}],"nm":"Д","np":5,"cix":2,"ix":2,"mn":"ADBE Vector Group"}]},"fFamily":"Open Sans"},{"ch":"А","size":21.6000003814697,"style":"Regular","w":63.28,"data":{"shapes":[{"ty":"gr","it":[{"ind":0,"ty":"sh","ix":1,"ks":{"a":0,"k":{"i":[[63.281,0],[35.205,-71.68],[28.223,-71.68],[0,0],[8.398,0],[17.188,-22.705],[45.801,-22.705],[54.688,0]],"o":[[63.281,0],[35.205,-71.68],[28.223,-71.68],[0,0],[8.398,0],[17.188,-22.705],[45.801,-22.705],[54.688,0]],"v":[[63.281,0],[35.205,-71.68],[28.223,-71.68],[0,0],[8.398,0],[17.188,-22.705],[45.801,-22.705],[54.688,0]],"c":true}},"nm":"А","mn":"ADBE Vector Shape - Group"},{"ind":1,"ty":"sh","ix":2,"ks":{"a":0,"k":{"i":[[20.117,-30.176],[28.516,-52.295],[30.876,-59.473],[33.838,-55.094],[43.213,-30.176]],"o":[[20.117,-30.176],[29.85,-56.038],[32.731,-58.528],[34.912,-52.295],[43.213,-30.176]],"v":[[20.117,-30.176],[28.516,-52.295],[31.592,-62.598],[34.912,-52.295],[43.213,-30.176]],"c":true}},"nm":"А","mn":"ADBE Vector Shape - Group"}],"nm":"А","np":5,"cix":2,"ix":1,"mn":"ADBE Vector Group"},{"ty":"gr","it":[{"ind":0,"ty":"sh","ix":1,"ks":{"a":0,"k":{"i":[[0,0],[0,0],[0,0],[0,0],[0,0],[0,0],[0,0],[0,0]],"o":[[0,0],[0,0],[0,0],[0,0],[0,0],[0,0],[0,0],[0,0]],"v":[[126.562,0],[98.486,-71.68],[91.504,-71.68],[63.281,0],[71.68,0],[80.469,-22.705],[109.082,-22.705],[117.969,0]],"c":true}},"nm":"А","mn":"ADBE Vector Shape - Group"},{"ind":1,"ty":"sh","ix":2,"ks":{"a":0,"k":{"i":[[0,0],[0,0],[-0.716,3.125],[-1.074,-2.799],[0,0]],"o":[[0,0],[1.334,-3.743],[1.139,4.07],[0,0],[0,0]],"v":[[83.398,-30.176],[91.797,-52.295],[94.873,-62.598],[98.193,-52.295],[106.494,-30.176]],"c":true}},"nm":"А","mn":"ADBE Vector Shape - Group"},{"ty":"mm","mm":1,"nm":"Merge Paths 1","mn":"ADBE Vector Filter - Merge"}],"nm":"А","np":5,"cix":2,"ix":2,"mn":"ADBE Vector Group"}]},"fFamily":"Open Sans"},{"ch":"Й","size":21.6000003814697,"style":"Regular","w":76.22,"data":{"shapes":[{"ty":"gr","it":[{"ind":0,"ty":"sh","ix":1,"ks":{"a":0,"k":{"i":[[9.912,0],[18.994,0],[59.082,-59.912],[59.521,-59.912],[58.691,-45.85],[58.691,0],[66.504,0],[66.504,-71.387],[57.422,-71.387],[17.383,-11.816],[16.992,-11.816],[17.676,-24.365],[17.676,-71.387],[9.912,-71.387]],"o":[[9.912,0],[18.994,0],[59.082,-59.912],[58.967,-52.717],[58.691,-39.307],[58.691,0],[66.504,0],[66.504,-71.387],[57.422,-71.387],[17.383,-11.816],[17.447,-17.74],[17.676,-31.689],[17.676,-71.387],[9.912,-71.387]],"v":[[9.912,0],[18.994,0],[59.082,-59.912],[59.521,-59.912],[58.691,-39.307],[58.691,0],[66.504,0],[66.504,-71.387],[57.422,-71.387],[17.383,-11.816],[16.992,-11.816],[17.676,-31.689],[17.676,-71.387],[9.912,-71.387]],"c":true}},"nm":"Й","mn":"ADBE Vector Shape - Group"},{"ind":1,"ty":"sh","ix":2,"ks":{"a":0,"k":{"i":[[49.934,-78.312],[57.373,-86.946],[50.098,-92.09],[48.755,-86.588],[43.049,-83.008],[33.439,-83.675],[29.59,-88.704],[21.68,-92.09],[23.551,-82.918],[33.479,-77.1]],"o":[[55.729,-83.162],[57.764,-92.09],[49.739,-88.899],[45.533,-83.723],[36.018,-83.008],[30.476,-86.344],[29.297,-92.09],[22.005,-86.751],[29.084,-78.263],[45.491,-77.1]],"v":[[52.832,-80.737],[57.764,-92.09],[50.098,-92.09],[47.144,-85.156],[39.697,-83.008],[31.958,-85.01],[29.297,-92.09],[21.68,-92.09],[26.318,-80.591],[39.502,-77.1]],"c":true}},"nm":"Й","mn":"ADBE Vector Shape - Group"}],"nm":"Й","np":5,"cix":2,"ix":1,"mn":"ADBE Vector Group"},{"ty":"gr","it":[{"ind":0,"ty":"sh","ix":1,"ks":{"a":0,"k":{"i":[[0,0],[0,0],[0,0],[0,0],[0,-6.543],[0,0],[0,0],[0,0],[0,0],[0,0],[0,0],[0,7.324],[0,0],[0,0]],"o":[[0,0],[0,0],[0,0],[-0.554,7.195],[0,0],[0,0],[0,0],[0,0],[0,0],[0,0],[0.455,-5.924],[0,0],[0,0],[0,0]],"v":[[86.133,0],[95.215,0],[135.303,-59.912],[135.742,-59.912],[134.912,-39.307],[134.912,0],[142.725,0],[142.725,-71.387],[133.643,-71.387],[93.604,-11.816],[93.213,-11.816],[93.896,-31.689],[93.896,-71.387],[86.133,-71.387]],"c":true}},"nm":"Й","mn":"ADBE Vector Shape - Group"},{"ind":1,"ty":"sh","ix":2,"ks":{"a":0,"k":{"i":[[-2.898,2.425],[-0.391,5.144],[0,0],[1.611,-1.432],[3.352,0],[1.481,1.335],[0.293,3.386],[0,0],[-2.767,-2.327],[-6.023,0]],"o":[[2.897,-2.425],[0,0],[-0.359,3.191],[-1.611,1.433],[-3.679,0],[-1.482,-1.334],[0,0],[0.325,5.339],[2.766,2.328],[5.989,0]],"v":[[129.053,-80.737],[133.984,-92.09],[126.318,-92.09],[123.364,-85.156],[115.918,-83.008],[108.179,-85.01],[105.518,-92.09],[97.9,-92.09],[102.539,-80.591],[115.723,-77.1]],"c":true}},"nm":"Й","mn":"ADBE Vector Shape - Group"},{"ty":"mm","mm":1,"nm":"Merge Paths 1","mn":"ADBE Vector Filter - Merge"}],"nm":"Й","np":5,"cix":2,"ix":2,"mn":"ADBE Vector Group"}]},"fFamily":"Open Sans"},{"ch":"Ж","size":21.6000003814697,"style":"Regular","w":84.42,"data":{"shapes":[{"ty":"gr","it":[{"ind":0,"ty":"sh","ix":1,"ks":{"a":0,"k":{"i":[[0.098,0],[9.814,0],[38.184,-36.182],[38.184,0],[46.191,0],[46.191,-36.182],[74.609,0],[84.18,0],[55.176,-36.816],[83.301,-71.387],[74.023,-71.387],[46.191,-36.816],[46.191,-71.387],[38.184,-71.387],[38.184,-36.816],[10.4,-71.387],[1.123,-71.387],[29.199,-36.719]],"o":[[0.098,0],[9.814,0],[38.184,-36.182],[38.184,0],[46.191,0],[46.191,-36.182],[74.609,0],[84.18,0],[55.176,-36.816],[83.301,-71.387],[74.023,-71.387],[46.191,-36.816],[46.191,-71.387],[38.184,-71.387],[38.184,-36.816],[10.4,-71.387],[1.123,-71.387],[29.199,-36.719]],"v":[[0.098,0],[9.814,0],[38.184,-36.182],[38.184,0],[46.191,0],[46.191,-36.182],[74.609,0],[84.18,0],[55.176,-36.816],[83.301,-71.387],[74.023,-71.387],[46.191,-36.816],[46.191,-71.387],[38.184,-71.387],[38.184,-36.816],[10.4,-71.387],[1.123,-71.387],[29.199,-36.719]],"c":true}},"nm":"Ж","mn":"ADBE Vector Shape - Group"}],"nm":"Ж","np":3,"cix":2,"ix":1,"mn":"ADBE Vector Group"},{"ty":"gr","it":[{"ind":0,"ty":"sh","ix":1,"ks":{"a":0,"k":{"i":[[0,0],[0,0],[0,0],[0,0],[0,0],[0,0],[0,0],[0,0],[0,0],[0,0],[0,0],[0,0],[0,0],[0,0],[0,0],[0,0],[0,0],[0,0]],"o":[[0,0],[0,0],[0,0],[0,0],[0,0],[0,0],[0,0],[0,0],[0,0],[0,0],[0,0],[0,0],[0,0],[0,0],[0,0],[0,0],[0,0],[0,0]],"v":[[84.521,0],[94.238,0],[122.607,-36.182],[122.607,0],[130.615,0],[130.615,-36.182],[159.033,0],[168.604,0],[139.6,-36.816],[167.725,-71.387],[158.447,-71.387],[130.615,-36.816],[130.615,-71.387],[122.607,-71.387],[122.607,-36.816],[94.824,-71.387],[85.547,-71.387],[113.623,-36.719]],"c":true}},"nm":"Ж","mn":"ADBE Vector Shape - Group"}],"nm":"Ж","np":3,"cix":2,"ix":2,"mn":"ADBE Vector Group"}]},"fFamily":"Open Sans"},{"ch":"Е","size":21.6000003814697,"style":"Regular","w":55.62,"data":{"shapes":[{"ty":"gr","it":[{"ind":0,"ty":"sh","ix":1,"ks":{"a":0,"k":{"i":[[49.609,-7.422],[18.115,-7.422],[18.115,-33.691],[47.705,-33.691],[47.705,-41.016],[18.115,-41.016],[18.115,-64.014],[49.609,-64.014],[49.609,-71.387],[9.814,-71.387],[9.814,0],[49.609,0]],"o":[[49.609,-7.422],[18.115,-7.422],[18.115,-33.691],[47.705,-33.691],[47.705,-41.016],[18.115,-41.016],[18.115,-64.014],[49.609,-64.014],[49.609,-71.387],[9.814,-71.387],[9.814,0],[49.609,0]],"v":[[49.609,-7.422],[18.115,-7.422],[18.115,-33.691],[47.705,-33.691],[47.705,-41.016],[18.115,-41.016],[18.115,-64.014],[49.609,-64.014],[49.609,-71.387],[9.814,-71.387],[9.814,0],[49.609,0]],"c":true}},"nm":"Е","mn":"ADBE Vector Shape - Group"}],"nm":"Е","np":3,"cix":2,"ix":1,"mn":"ADBE Vector Group"},{"ty":"gr","it":[{"ind":0,"ty":"sh","ix":1,"ks":{"a":0,"k":{"i":[[0,0],[0,0],[0,0],[0,0],[0,0],[0,0],[0,0],[0,0],[0,0],[0,0],[0,0],[0,0]],"o":[[0,0],[0,0],[0,0],[0,0],[0,0],[0,0],[0,0],[0,0],[0,0],[0,0],[0,0],[0,0]],"v":[[105.225,-7.422],[73.73,-7.422],[73.73,-33.691],[103.32,-33.691],[103.32,-41.016],[73.73,-41.016],[73.73,-64.014],[105.225,-64.014],[105.225,-71.387],[65.43,-71.387],[65.43,0],[105.225,0]],"c":true}},"nm":"Е","mn":"ADBE Vector Shape - Group"}],"nm":"Е","np":3,"cix":2,"ix":2,"mn":"ADBE Vector Group"}]},"fFamily":"Open Sans"},{"ch":"С","size":21.6000003814697,"style":"Regular","w":63.09,"data":{"shapes":[{"ty":"gr","it":[{"ind":0,"ty":"sh","ix":1,"ks":{"a":0,"k":{"i":[[51.188,-63.721],[60.107,-68.311],[47.966,-72.412],[27.336,-70.915],[12.979,-60.661],[6.104,-43.147],[8.96,-14.974],[28.499,0.977],[52.376,0.048],[57.324,-9.082],[45.263,-6.396],[25.936,-8.943],[14.99,-26.35],[17.261,-51.928],[32.536,-64.99]],"o":[[56.592,-61.182],[54.508,-71.045],[33.448,-72.412],[16.951,-64.925],[7.478,-49.593],[6.104,-24.039],[20.386,-2.214],[46.273,0.977],[57.324,-1.807],[50.944,-7.291],[32.178,-6.396],[17.179,-19.132],[14.99,-44.775],[26.343,-62.378],[45.784,-64.99]],"v":[[56.592,-61.182],[60.107,-68.311],[40.479,-72.412],[22.144,-67.92],[10.229,-55.127],[6.104,-35.791],[14.673,-8.594],[39.014,0.977],[57.324,-1.807],[57.324,-9.082],[40.283,-6.396],[21.558,-14.038],[14.99,-35.693],[21.802,-57.153],[40.381,-64.99]],"c":true}},"nm":"С","mn":"ADBE Vector Shape - Group"}],"nm":"С","np":3,"cix":2,"ix":1,"mn":"ADBE Vector Group"},{"ty":"gr","it":[{"ind":0,"ty":"sh","ix":1,"ks":{"a":0,"k":{"i":[[-5.404,-2.539],[0,0],[7.487,0],[5.192,-2.995],[2.75,-5.534],[0,-7.356],[-5.713,-6.38],[-10.515,0],[-4.948,1.855],[0,0],[4.98,0],[4.378,5.095],[0,9.343],[-4.541,5.225],[-7.845,0]],"o":[[0,0],[-5.599,-2.734],[-7.031,0],[-5.193,2.995],[-2.751,5.534],[0,11.752],[5.713,6.38],[7.259,0],[0,0],[-6.38,1.791],[-8.105,0],[-4.379,-5.094],[0,-9.082],[4.541,-5.225],[5.403,0]],"v":[[119.678,-61.182],[123.193,-68.311],[103.564,-72.412],[85.229,-67.92],[73.315,-55.127],[69.189,-35.791],[77.759,-8.594],[102.1,0.977],[120.41,-1.807],[120.41,-9.082],[103.369,-6.396],[84.644,-14.038],[78.076,-35.693],[84.888,-57.153],[103.467,-64.99]],"c":true}},"nm":"С","mn":"ADBE Vector Shape - Group"}],"nm":"С","np":3,"cix":2,"ix":2,"mn":"ADBE Vector Group"}]},"fFamily":"Open Sans"},{"ch":"Т","size":21.6000003814697,"style":"Regular","w":55.32,"data":{"shapes":[{"ty":"gr","it":[{"ind":0,"ty":"sh","ix":1,"ks":{"a":0,"k":{"i":[[31.787,-64.014],[54.395,-64.014],[54.395,-71.387],[0.879,-71.387],[0.879,-64.014],[23.486,-64.014],[23.486,0],[31.787,0]],"o":[[31.787,-64.014],[54.395,-64.014],[54.395,-71.387],[0.879,-71.387],[0.879,-64.014],[23.486,-64.014],[23.486,0],[31.787,0]],"v":[[31.787,-64.014],[54.395,-64.014],[54.395,-71.387],[0.879,-71.387],[0.879,-64.014],[23.486,-64.014],[23.486,0],[31.787,0]],"c":true}},"nm":"Т","mn":"ADBE Vector Shape - Group"}],"nm":"Т","np":3,"cix":2,"ix":1,"mn":"ADBE Vector Group"},{"ty":"gr","it":[{"ind":0,"ty":"sh","ix":1,"ks":{"a":0,"k":{"i":[[0,0],[0,0],[0,0],[0,0],[0,0],[0,0],[0,0],[0,0]],"o":[[0,0],[0,0],[0,0],[0,0],[0,0],[0,0],[0,0],[0,0]],"v":[[87.109,-64.014],[109.717,-64.014],[109.717,-71.387],[56.201,-71.387],[56.201,-64.014],[78.809,-64.014],[78.809,0],[87.109,0]],"c":true}},"nm":"Т","mn":"ADBE Vector Shape - Group"}],"nm":"Т","np":3,"cix":2,"ix":2,"mn":"ADBE Vector Group"}]},"fFamily":"Open Sans"},{"ch":"A","size":16,"style":"Bold","w":68.99,"data":{"shapes":[{"ty":"gr","it":[{"ind":0,"ty":"sh","ix":1,"ks":{"a":0,"k":{"i":[[68.994,0],[43.701,-71.68],[25.195,-71.68],[0,0],[16.309,0],[21.484,-16.992],[47.51,-16.992],[52.686,0]],"o":[[68.994,0],[43.701,-71.68],[25.195,-71.68],[0,0],[16.309,0],[21.484,-16.992],[47.51,-16.992],[52.686,0]],"v":[[68.994,0],[43.701,-71.68],[25.195,-71.68],[0,0],[16.309,0],[21.484,-16.992],[47.51,-16.992],[52.686,0]],"c":true}},"nm":"A","mn":"ADBE Vector Shape - Group"},{"ind":1,"ty":"sh","ix":2,"ks":{"a":0,"k":{"i":[[25.293,-29.688],[33.447,-56.429],[35.212,-57.829],[39.111,-45.085]],"o":[[30.371,-46.126],[34.781,-59.424],[36.417,-53.792],[43.896,-29.688]],"v":[[25.293,-29.688],[34.521,-60.596],[35.815,-55.811],[43.896,-29.688]],"c":true}},"nm":"A","mn":"ADBE Vector Shape - Group"}],"nm":"A","np":5,"cix":2,"ix":1,"mn":"ADBE Vector Group"},{"ty":"gr","it":[{"ind":0,"ty":"sh","ix":1,"ks":{"a":0,"k":{"i":[[0,0],[0,0],[0,0],[0,0],[0,0],[0,0],[0,0],[0,0]],"o":[[0,0],[0,0],[0,0],[0,0],[0,0],[0,0],[0,0],[0,0]],"v":[[137.988,0],[112.695,-71.68],[94.189,-71.68],[68.994,0],[85.303,0],[90.479,-16.992],[116.504,-16.992],[121.68,0]],"c":true}},"nm":"A","mn":"ADBE Vector Shape - Group"},{"ind":1,"ty":"sh","ix":2,"ks":{"a":0,"k":{"i":[[0,0],[-1.074,4.167],[-0.603,-2.018],[-4.785,-15.397]],"o":[[5.078,-16.438],[0.26,1.172],[0.602,2.019],[0,0]],"v":[[94.287,-29.688],[103.516,-60.596],[104.81,-55.811],[112.891,-29.688]],"c":true}},"nm":"A","mn":"ADBE Vector Shape - Group"},{"ty":"mm","mm":1,"nm":"Merge Paths 1","mn":"ADBE Vector Filter - Merge"}],"nm":"A","np":5,"cix":2,"ix":2,"mn":"ADBE Vector Group"}]},"fFamily":"Open Sans"},{"ch":"f","size":16,"style":"Bold","w":38.72,"data":{"shapes":[{"ty":"gr","it":[{"ind":0,"ty":"sh","ix":1,"ks":{"a":0,"k":{"i":[[37.988,-54.59],[25.098,-54.59],[25.098,-58.008],[25.569,-61.563],[28.988,-64.697],[36.409,-64.225],[43.213,-74.219],[34.635,-76.514],[17.854,-75.081],[10.205,-64.811],[10.205,-54.59],[2.002,-50.586],[2.002,-43.408],[10.205,-43.408],[10.205,0],[25.098,0],[25.098,-43.408],[37.988,-43.408]],"o":[[37.988,-54.59],[25.098,-54.59],[25.098,-59.961],[27.458,-64.07],[33.643,-64.697],[39.404,-63.281],[39.209,-75.749],[22.754,-76.514],[11.735,-69.352],[10.205,-58.594],[10.205,-54.59],[2.002,-50.586],[2.002,-43.408],[10.205,-43.408],[10.205,0],[25.098,0],[25.098,-43.408],[37.988,-43.408]],"v":[[37.988,-54.59],[25.098,-54.59],[25.098,-58.008],[26.514,-62.817],[31.104,-64.697],[39.404,-63.281],[43.213,-74.219],[29.492,-76.514],[14.795,-72.217],[10.205,-58.594],[10.205,-54.59],[2.002,-50.586],[2.002,-43.408],[10.205,-43.408],[10.205,0],[25.098,0],[25.098,-43.408],[37.988,-43.408]],"c":true}},"nm":"f","mn":"ADBE Vector Shape - Group"}],"nm":"f","np":3,"cix":2,"ix":1,"mn":"ADBE Vector Group"},{"ty":"gr","it":[{"ind":0,"ty":"sh","ix":1,"ks":{"a":0,"k":{"i":[[0,0],[0,0],[0,0],[-0.945,1.254],[-2.116,0],[-2.995,-0.944],[0,0],[5.143,0],[3.059,-2.864],[0,-6.217],[0,0],[0,0],[0,0],[0,0],[0,0],[0,0],[0,0],[0,0]],"o":[[0,0],[0,0],[0,-1.953],[0.944,-1.253],[2.539,0],[0,0],[-4.004,-1.53],[-6.738,0],[-3.06,2.865],[0,0],[0,0],[0,0],[0,0],[0,0],[0,0],[0,0],[0,0],[0,0]],"v":[[76.709,-54.59],[63.818,-54.59],[63.818,-58.008],[65.234,-62.817],[69.824,-64.697],[78.125,-63.281],[81.934,-74.219],[68.213,-76.514],[53.516,-72.217],[48.926,-58.594],[48.926,-54.59],[40.723,-50.586],[40.723,-43.408],[48.926,-43.408],[48.926,0],[63.818,0],[63.818,-43.408],[76.709,-43.408]],"c":true}},"nm":"f","mn":"ADBE Vector Shape - Group"}],"nm":"f","np":3,"cix":2,"ix":2,"mn":"ADBE Vector Group"}]},"fFamily":"Open Sans"},{"ch":"b","size":16,"style":"Bold","w":63.28,"data":{"shapes":[{"ty":"gr","it":[{"ind":0,"ty":"sh","ix":1,"ks":{"a":0,"k":{"i":[[26.188,-52.913],[22.119,-47.51],[22.705,-56.055],[22.705,-75.977],[7.812,-75.977],[7.812,0],[19.189,0],[21.68,-6.006],[22.705,-6.006],[31.38,0.977],[49.389,-1.497],[58.789,-18.376],[56.965,-43.042],[44.629,-55.615]],"o":[[22.705,-47.51],[22.51,-52.458],[22.705,-58.301],[22.705,-75.977],[7.812,-75.977],[7.812,0],[19.189,0],[21.68,-6.006],[26.35,-1.351],[44.27,0.977],[56.909,-11.393],[58.789,-36.149],[49.674,-53.1],[31.348,-55.615]],"v":[[22.705,-47.51],[22.119,-47.51],[22.705,-58.301],[22.705,-75.977],[7.812,-75.977],[7.812,0],[19.189,0],[21.68,-6.006],[22.705,-6.006],[37.793,0.977],[53.149,-6.445],[58.789,-27.393],[53.32,-48.071],[38.184,-55.615]],"c":true}},"nm":"b","mn":"ADBE Vector Shape - Group"},{"ind":1,"ty":"sh","ix":2,"ks":{"a":0,"k":{"i":[[39.046,-42.359],[43.604,-32.959],[42.701,-18.123],[36.653,-11.084],[27.058,-12.354],[22.705,-21.631],[22.705,-29.102],[23.649,-38.045],[29.719,-43.701]],"o":[[42.692,-36.987],[43.604,-22.217],[39.087,-12.492],[29.817,-11.084],[23.575,-17.432],[22.705,-27.49],[22.77,-34.31],[27.034,-42.57],[36.555,-43.701]],"v":[[40.869,-39.673],[43.604,-27.588],[40.894,-15.308],[33.594,-11.084],[25.317,-14.893],[22.705,-27.49],[22.705,-29.102],[25.342,-40.308],[33.398,-43.701]],"c":true}},"nm":"b","mn":"ADBE Vector Shape - Group"}],"nm":"b","np":5,"cix":2,"ix":1,"mn":"ADBE Vector Group"},{"ty":"gr","it":[{"ind":0,"ty":"sh","ix":1,"ks":{"a":0,"k":{"i":[[3.483,-5.403],[0,0],[0,2.246],[0,0],[0,0],[0,0],[0,0],[0,0],[0,0],[-6.413,0],[-3.76,4.948],[0,9.017],[3.645,5.029],[6.445,0]],"o":[[0,0],[0.391,-4.948],[0,0],[0,0],[0,0],[0,0],[0,0],[0,0],[3.645,4.655],[6.477,0],[3.76,-4.948],[0,-8.756],[-3.646,-5.029],[-6.836,0]],"v":[[85.986,-47.51],[85.4,-47.51],[85.986,-58.301],[85.986,-75.977],[71.094,-75.977],[71.094,0],[82.471,0],[84.961,-6.006],[85.986,-6.006],[101.074,0.977],[116.431,-6.445],[122.07,-27.393],[116.602,-48.071],[101.465,-55.615]],"c":true}},"nm":"b","mn":"ADBE Vector Shape - Group"},{"ind":1,"ty":"sh","ix":2,"ks":{"a":0,"k":{"i":[[-1.823,-2.686],[0,-5.371],[1.807,-2.815],[3.059,0],[1.741,2.539],[0,5.859],[0,0],[-1.693,2.263],[-3.679,0]],"o":[[1.823,2.686],[0,5.371],[-1.807,2.816],[-3.777,0],[-1.742,-2.539],[0,0],[0.065,-5.208],[1.692,-2.262],[3.157,0]],"v":[[104.15,-39.673],[106.885,-27.588],[104.175,-15.308],[96.875,-11.084],[88.599,-14.893],[85.986,-27.49],[85.986,-29.102],[88.623,-40.308],[96.68,-43.701]],"c":true}},"nm":"b","mn":"ADBE Vector Shape - Group"},{"ty":"mm","mm":1,"nm":"Merge Paths 1","mn":"ADBE Vector Filter - Merge"}],"nm":"b","np":5,"cix":2,"ix":2,"mn":"ADBE Vector Group"}]},"fFamily":"Open Sans"},{"ch":"o","size":16,"style":"Bold","w":61.91,"data":{"shapes":[{"ty":"gr","it":[{"ind":0,"ty":"sh","ix":1,"ks":{"a":0,"k":{"i":[[20.556,-36.889],[26.936,-43.604],[37.793,-42.253],[42.188,-32.796],[41.316,-17.862],[34.977,-10.986],[24.113,-12.37],[19.678,-21.989]],"o":[[24.072,-42.261],[34.912,-43.604],[41.309,-36.849],[42.188,-21.956],[37.833,-12.361],[27.002,-10.986],[20.564,-17.903],[19.678,-32.829]],"v":[[22.314,-39.575],[30.908,-43.604],[39.551,-39.551],[42.188,-27.393],[39.575,-15.112],[31.006,-10.986],[22.339,-15.137],[19.678,-27.393]],"c":true}},"nm":"o","mn":"ADBE Vector Shape - Group"},{"ind":1,"ty":"sh","ix":2,"ks":{"a":0,"k":{"i":[[56.347,-38.118],[48.975,-49.918],[36.345,-55.615],[16.13,-53.141],[4.492,-36.312],[5.567,-16.651],[12.939,-4.761],[25.57,0.977],[45.703,-1.53],[57.422,-18.506]],"o":[[52.051,-46.647],[40.967,-54.475],[22.673,-55.615],[6.82,-43.245],[4.492,-21.663],[9.863,-8.057],[20.947,-0.171],[39.177,0.977],[55.079,-11.556],[57.422,-33.122]],"v":[[54.199,-42.383],[44.971,-52.197],[31.104,-55.615],[11.475,-48.193],[4.492,-27.393],[7.715,-12.354],[16.943,-2.466],[30.811,0.977],[50.391,-6.543],[57.422,-27.393]],"c":true}},"nm":"o","mn":"ADBE Vector Shape - Group"}],"nm":"o","np":5,"cix":2,"ix":1,"mn":"ADBE Vector Group"},{"ty":"gr","it":[{"ind":0,"ty":"sh","ix":1,"ks":{"a":0,"k":{"i":[[-1.758,2.686],[-3.972,0],[-1.758,-2.702],[0,-5.403],[1.741,-2.75],[3.971,0],[1.774,2.767],[0,5.404]],"o":[[1.758,-2.686],[4.004,0],[1.758,2.702],[0,5.437],[-1.742,2.751],[-4.004,0],[-1.775,-2.766],[0,-5.436]],"v":[[84.229,-39.575],[92.822,-43.604],[101.465,-39.551],[104.102,-27.393],[101.489,-15.112],[92.92,-10.986],[84.253,-15.137],[81.592,-27.393]],"c":true}},"nm":"o","mn":"ADBE Vector Shape - Group"},{"ind":1,"ty":"sh","ix":2,"ks":{"a":0,"k":{"i":[[2.148,4.265],[4.004,2.279],[5.241,0],[4.655,-4.948],[0,-8.919],[-2.148,-4.297],[-4.004,-2.295],[-5.241,0],[-4.688,5.013],[0,8.887]],"o":[[-2.148,-4.264],[-4.004,-2.278],[-8.431,0],[-4.655,4.948],[0,5.73],[2.148,4.297],[4.004,2.295],[8.366,0],[4.688,-5.013],[0,-5.729]],"v":[[116.113,-42.383],[106.885,-52.197],[93.018,-55.615],[73.389,-48.193],[66.406,-27.393],[69.629,-12.354],[78.857,-2.466],[92.725,0.977],[112.305,-6.543],[119.336,-27.393]],"c":true}},"nm":"o","mn":"ADBE Vector Shape - Group"},{"ty":"mm","mm":1,"nm":"Merge Paths 1","mn":"ADBE Vector Filter - Merge"}],"nm":"o","np":5,"cix":2,"ix":2,"mn":"ADBE Vector Group"}]},"fFamily":"Open Sans"},{"ch":"s","size":16,"style":"Bold","w":49.71,"data":{"shapes":[{"ty":"gr","it":[{"ind":0,"ty":"sh","ix":1,"ks":{"a":0,"k":{"i":[[45.426,-21.24],[42.073,-26.871],[34.977,-31.477],[22.827,-36.572],[19.287,-39.681],[21.484,-44.58],[30.777,-44.205],[38.086,-41.748],[45.312,-51.318],[32.698,-55.615],[13.892,-54.289],[4.492,-45.231],[4.939,-35.164],[8.162,-29.573],[15.186,-24.951],[24.658,-20.874],[29.411,-18.188],[31.201,-15.772],[28.499,-9.912],[17.407,-10.351],[7.356,-13.2],[4.59,-2.197],[9.651,-0.366],[18.635,0.977],[36.173,-0.488],[45.898,-10.612]],"o":[[43.537,-25.146],[38.102,-29.866],[25.928,-35.123],[19.995,-38.526],[19.287,-43.392],[28.352,-44.58],[35.53,-42.708],[40.82,-40.576],[39.094,-54.182],[19.221,-55.615],[6.372,-48.982],[4.492,-37.549],[6.73,-31.291],[12.101,-26.578],[22.315,-21.956],[28.174,-19.018],[30.843,-16.724],[31.201,-11.475],[20.459,-9.912],[10.473,-12.109],[4.59,-14.502],[7.031,-1.155],[15.25,0.708],[30.354,0.977],[43.952,-6.348],[45.898,-18.913]],"v":[[44.482,-23.193],[40.088,-28.369],[30.713,-33.203],[21.411,-37.549],[19.287,-41.016],[25.879,-44.58],[33.154,-43.457],[40.82,-40.576],[45.312,-51.318],[26.123,-55.615],[10.132,-51.636],[4.492,-40.381],[5.835,-33.228],[10.132,-28.076],[19.385,-23.193],[26.416,-19.946],[30.127,-17.456],[31.201,-14.6],[23.096,-9.912],[13.94,-11.23],[4.59,-14.502],[4.59,-2.197],[12.451,0.171],[22.607,0.977],[40.063,-3.418],[45.898,-16.211]],"c":true}},"nm":"s","mn":"ADBE Vector Shape - Group"}],"nm":"s","np":3,"cix":2,"ix":1,"mn":"ADBE Vector Group"},{"ty":"gr","it":[{"ind":0,"ty":"sh","ix":1,"ks":{"a":0,"k":{"i":[[0.944,1.953],[1.985,1.498],[4.264,1.726],[1.416,0.977],[0,1.335],[-4.395,0],[-2.377,-0.748],[-2.734,-1.172],[0,0],[6.575,0],[3.76,-2.653],[0,-4.85],[-0.896,-1.936],[-1.97,-1.497],[-4.199,-1.758],[-1.758,-0.928],[-0.716,-0.732],[0,-1.172],[5.403,0],[3.467,0.879],[2.766,1.302],[0,0],[-2.8,-0.537],[-3.972,0],[-3.89,2.93],[0,5.599]],"o":[[-0.945,-1.953],[-1.986,-1.497],[-4.785,-1.92],[-1.416,-0.977],[0,-2.376],[2.473,0],[2.376,0.749],[0,0],[-6.218,-2.864],[-6.902,0],[-3.76,2.654],[0,2.832],[0.895,1.937],[1.969,1.498],[2.93,1.237],[1.758,0.928],[0.716,0.732],[0,3.125],[-2.637,0],[-3.467,-0.879],[0,0],[2.441,1.042],[2.799,0.537],[7.747,0],[3.889,-2.93],[0,-2.702]],"v":[[94.189,-23.193],[89.795,-28.369],[80.42,-33.203],[71.118,-37.549],[68.994,-41.016],[75.586,-44.58],[82.861,-43.457],[90.527,-40.576],[95.02,-51.318],[75.83,-55.615],[59.839,-51.636],[54.199,-40.381],[55.542,-33.228],[59.839,-28.076],[69.092,-23.193],[76.123,-19.946],[79.834,-17.456],[80.908,-14.6],[72.803,-9.912],[63.647,-11.23],[54.297,-14.502],[54.297,-2.197],[62.158,0.171],[72.314,0.977],[89.771,-3.418],[95.605,-16.211]],"c":true}},"nm":"s","mn":"ADBE Vector Shape - Group"}],"nm":"s","np":3,"cix":2,"ix":2,"mn":"ADBE Vector Group"}]},"fFamily":"Open Sans"},{"ch":"t","size":16,"style":"Bold","w":43.41,"data":{"shapes":[{"ty":"gr","it":[{"ind":0,"ty":"sh","ix":1,"ks":{"a":0,"k":{"i":[[27.287,-11.393],[24.316,-14.974],[24.316,-43.408],[39.6,-43.408],[39.6,-54.59],[24.316,-54.59],[24.316,-66.211],[14.795,-66.211],[10.498,-54.688],[2.295,-49.707],[2.295,-43.408],[9.424,-43.408],[9.424,-17.09],[10.783,-6.551],[20.557,0.977],[36.475,0.146],[40.186,-12.598],[33.415,-10.889]],"o":[[24.91,-13.411],[24.316,-17.09],[24.316,-43.408],[39.6,-43.408],[39.6,-54.59],[24.316,-54.59],[24.316,-66.211],[14.795,-66.211],[10.498,-54.688],[2.295,-49.707],[2.295,-43.408],[9.424,-43.408],[9.424,-11.067],[16.219,-0.529],[31.917,0.977],[40.186,-1.514],[36.54,-11.458],[28.858,-10.889]],"v":[[26.099,-12.402],[24.316,-17.09],[24.316,-43.408],[39.6,-43.408],[39.6,-54.59],[24.316,-54.59],[24.316,-66.211],[14.795,-66.211],[10.498,-54.688],[2.295,-49.707],[2.295,-43.408],[9.424,-43.408],[9.424,-17.09],[13.501,-3.54],[26.514,0.977],[40.186,-1.514],[40.186,-12.598],[30.811,-10.889]],"c":true}},"nm":"t","mn":"ADBE Vector Shape - Group"}],"nm":"t","np":3,"cix":2,"ix":1,"mn":"ADBE Vector Group"},{"ty":"gr","it":[{"ind":0,"ty":"sh","ix":1,"ks":{"a":0,"k":{"i":[[1.188,1.009],[0,2.116],[0,0],[0,0],[0,0],[0,0],[0,0],[0,0],[0,0],[0,0],[0,0],[0,0],[0,0],[-2.718,-3.011],[-5.957,0],[-3.711,1.66],[0,0],[2.604,0]],"o":[[-1.189,-1.009],[0,0],[0,0],[0,0],[0,0],[0,0],[0,0],[0,0],[0,0],[0,0],[0,0],[0,0],[0,6.023],[2.718,3.011],[5.403,0],[0,0],[-3.646,1.14],[-1.953,0]],"v":[[69.507,-12.402],[67.725,-17.09],[67.725,-43.408],[83.008,-43.408],[83.008,-54.59],[67.725,-54.59],[67.725,-66.211],[58.203,-66.211],[53.906,-54.688],[45.703,-49.707],[45.703,-43.408],[52.832,-43.408],[52.832,-17.09],[56.909,-3.54],[69.922,0.977],[83.594,-1.514],[83.594,-12.598],[74.219,-10.889]],"c":true}},"nm":"t","mn":"ADBE Vector Shape - Group"}],"nm":"t","np":3,"cix":2,"ix":2,"mn":"ADBE Vector Group"}]},"fFamily":"Open Sans"},{"ch":"e","size":16,"style":"Bold","w":59.08,"data":{"shapes":[{"ty":"gr","it":[{"ind":0,"ty":"sh","ix":1,"ks":{"a":0,"k":{"i":[[36.084,-44.019],[40.754,-37.174],[19.922,-33.496],[21.207,-40.015],[27.262,-45.02]],"o":[[39.794,-40.015],[40.82,-33.496],[20.182,-37.174],[24.788,-44.019],[33.577,-45.02]],"v":[[37.939,-42.017],[40.82,-33.496],[19.922,-33.496],[22.998,-42.017],[30.42,-45.02]],"c":true}},"nm":"e","mn":"ADBE Vector Shape - Group"},{"ind":1,"ty":"sh","ix":2,"ks":{"a":0,"k":{"i":[[40.397,0.659],[49.104,-1.579],[51.709,-14.404],[45.459,-11.817],[36.491,-10.107],[25.684,-11.295],[19.743,-19.352],[54.785,-23.584],[54.785,-30.811],[52.637,-44.628],[38.037,-55.615],[15.926,-53.116],[4.492,-36.051],[6.966,-11.149],[23.731,0.977]],"o":[[46.321,-0.611],[51.709,-2.881],[48.518,-12.906],[39.599,-10.449],[28.971,-10.107],[20.996,-16.048],[19.58,-23.584],[54.785,-23.584],[54.785,-38.558],[44.043,-53.418],[22.249,-55.615],[6.779,-43.123],[4.492,-18.017],[16.862,-1.448],[36.784,0.977]],"v":[[43.359,0.024],[51.709,-2.881],[51.709,-14.404],[42.529,-11.133],[33.203,-10.107],[23.34,-13.672],[19.58,-23.584],[54.785,-23.584],[54.785,-30.811],[48.34,-49.023],[30.322,-55.615],[11.353,-48.12],[4.492,-26.904],[11.914,-6.299],[32.52,0.977]],"c":true}},"nm":"e","mn":"ADBE Vector Shape - Group"}],"nm":"e","np":5,"cix":2,"ix":1,"mn":"ADBE Vector Group"},{"ty":"gr","it":[{"ind":0,"ty":"sh","ix":1,"ks":{"a":0,"k":{"i":[[-1.855,-2.002],[-0.066,-3.678],[0,0],[-1.791,2.002],[-3.158,0]],"o":[[1.855,2.002],[0,0],[0.26,-3.678],[1.79,-2.002],[3.157,0]],"v":[[97.021,-42.017],[99.902,-33.496],[79.004,-33.496],[82.08,-42.017],[89.502,-45.02]],"c":true}},"nm":"e","mn":"ADBE Vector Shape - Group"},{"ind":1,"ty":"sh","ix":2,"ks":{"a":0,"k":{"i":[[-2.962,0.635],[-2.605,1.302],[0,0],[2.93,-0.684],[3.288,0],[2.344,2.377],[0.163,4.232],[0,0],[0,0],[4.297,4.395],[7.715,0],[4.573,-4.996],[0,-9.147],[-4.948,-4.85],[-8.789,0]],"o":[[2.962,-0.635],[0,0],[-3.191,1.498],[-2.93,0.684],[-4.232,0],[-2.344,-2.376],[0,0],[0,0],[0,-7.747],[-4.297,-4.395],[-8.073,0],[-4.574,4.997],[0,8.887],[4.948,4.851],[4.264,0]],"v":[[102.441,0.024],[110.791,-2.881],[110.791,-14.404],[101.611,-11.133],[92.285,-10.107],[82.422,-13.672],[78.662,-23.584],[113.867,-23.584],[113.867,-30.811],[107.422,-49.023],[89.404,-55.615],[70.435,-48.12],[63.574,-26.904],[70.996,-6.299],[91.602,0.977]],"c":true}},"nm":"e","mn":"ADBE Vector Shape - Group"},{"ty":"mm","mm":1,"nm":"Merge Paths 1","mn":"ADBE Vector Filter - Merge"}],"nm":"e","np":5,"cix":2,"ix":2,"mn":"ADBE Vector Group"}]},"fFamily":"Open Sans"},{"ch":"r","size":16,"style":"Bold","w":45.41,"data":{"shapes":[{"ty":"gr","it":[{"ind":0,"ty":"sh","ix":1,"ks":{"a":0,"k":{"i":[[31.763,-54.679],[23.713,-48.469],[21.289,-45.41],[19.092,-54.59],[7.812,-54.59],[7.812,0],[22.705,0],[22.705,-27.783],[24.031,-35.596],[33.04,-41.699],[40.983,-41.536],[43.311,-55.176],[40.299,-55.615]],"o":[[26.001,-50.936],[22.021,-45.41],[21.289,-45.41],[19.092,-54.59],[7.812,-54.59],[7.812,0],[22.705,0],[22.705,-32.178],[29.338,-40.478],[39.518,-41.699],[42.188,-41.211],[41.976,-55.469],[34.895,-55.615]],"v":[[28.882,-52.808],[22.021,-45.41],[21.289,-45.41],[19.092,-54.59],[7.812,-54.59],[7.812,0],[22.705,0],[22.705,-27.783],[26.685,-38.037],[37.793,-41.699],[42.188,-41.211],[43.311,-55.176],[38.281,-55.615]],"c":true}},"nm":"r","mn":"ADBE Vector Shape - Group"}],"nm":"r","np":3,"cix":2,"ix":1,"mn":"ADBE Vector Group"},{"ty":"gr","it":[{"ind":0,"ty":"sh","ix":1,"ks":{"a":0,"k":{"i":[[2.881,-1.871],[1.692,-3.059],[0,0],[0,0],[0,0],[0,0],[0,0],[0,0],[-2.654,2.441],[-4.753,0],[-1.205,-0.325],[0,0],[2.018,0]],"o":[[-2.881,1.872],[0,0],[0,0],[0,0],[0,0],[0,0],[0,0],[0,-4.395],[2.653,-2.441],[1.725,0],[0,0],[-1.335,-0.293],[-3.386,0]],"v":[[74.292,-52.808],[67.432,-45.41],[66.699,-45.41],[64.502,-54.59],[53.223,-54.59],[53.223,0],[68.115,0],[68.115,-27.783],[72.095,-38.037],[83.203,-41.699],[87.598,-41.211],[88.721,-55.176],[83.691,-55.615]],"c":true}},"nm":"r","mn":"ADBE Vector Shape - Group"}],"nm":"r","np":3,"cix":2,"ix":2,"mn":"ADBE Vector Group"}]},"fFamily":"Open Sans"}]}