{"v":"4.6.8","fr":30,"ip":0,"op":90,"w":400,"h":320,"nm":"upvote","ddd":0,"assets":[],"fonts":{"list":[{"origin":1,"fPath":"","fClass":"","fFamily":"Open Sans","fWeight":"","fStyle":"Bold","fName":"OpenSans-Bold","ascent":75.9994506835938},{"origin":1,"fPath":"","fClass":"","fFamily":"Open Sans","fWeight":"","fStyle":"Regular","fName":"OpenSans","ascent":75.9994506835938}]},"layers":[{"ddd":0,"ind":1,"ty":4,"nm":"Combined Shape Copy","ks":{"o":{"a":0,"k":100},"r":{"a":0,"k":0},"p":{"a":1,"k":[{"i":{"x":0.449,"y":1},"o":{"x":0.67,"y":0},"n":"0p449_1_0p67_0","t":72,"s":[307,219,0],"e":[307,255,0],"to":[0,6,0],"ti":[0,0,0]},{"i":{"x":0.122,"y":1},"o":{"x":1,"y":0},"n":"0p122_1_1_0","t":82,"s":[307,255,0],"e":[307,219,0],"to":[0,0,0],"ti":[0,6,0]},{"t":86}]},"a":{"a":0,"k":[0,0,0]},"s":{"a":0,"k":[100,-100,100]}},"ao":0,"shapes":[{"ty":"gr","it":[{"ty":"rc","d":1,"s":{"a":0,"k":[24,32]},"p":{"a":0,"k":[0,8]},"r":{"a":0,"k":0},"nm":"Rectangle Path 1","mn":"ADBE Vector Shape - Rect"},{"ind":1,"ty":"sh","ix":2,"ks":{"a":0,"k":{"i":[[0,0],[0,0],[0,0]],"o":[[0,0],[0,0],[0,0]],"v":[[0,-24],[24,0],[-24,0]],"c":true}},"nm":"Path 1","mn":"ADBE Vector Shape - Group"},{"ty":"mm","mm":2,"nm":"Merge Paths 1","mn":"ADBE Vector Filter - Merge"},{"ty":"tr","p":{"a":0,"k":[0,0],"ix":2},"a":{"a":0,"k":[0,0],"ix":1},"s":{"a":0,"k":[100,100],"ix":3},"r":{"a":0,"k":0,"ix":6},"o":{"a":0,"k":100,"ix":7},"sk":{"a":0,"k":0,"ix":4},"sa":{"a":0,"k":0,"ix":5},"nm":"Transform"}],"nm":"Combined Shape Copy","np":3,"cix":2,"ix":1,"mn":"ADBE Vector Group"},{"ty":"gr","it":[{"ty":"tr","p":{"a":0,"k":[0,0],"ix":2},"a":{"a":0,"k":[0,0],"ix":1},"s":{"a":0,"k":[100,100],"ix":3},"r":{"a":0,"k":0,"ix":6},"o":{"a":0,"k":100,"ix":7},"sk":{"a":0,"k":0,"ix":4},"sa":{"a":0,"k":0,"ix":5},"nm":"Transform"}],"nm":"Group 1","np":0,"cix":2,"ix":2,"mn":"ADBE Vector Group"},{"ty":"fl","c":{"a":1,"k":[{"i":{"x":[0.833],"y":[0.833]},"o":{"x":[0.167],"y":[0.167]},"n":["0p833_0p833_0p167_0p167"],"t":67,"s":[0.870588,0.886275,0.929412,1],"e":[0.2980392,0.4431373,0.9529412,1]},{"i":{"x":[0.833],"y":[0.833]},"o":{"x":[0.167],"y":[0.167]},"n":["0p833_0p833_0p167_0p167"],"t":72,"s":[0.2980392,0.4431373,0.9529412,1],"e":[0.2980392,0.4431373,0.9529412,1]},{"i":{"x":[0.833],"y":[0.833]},"o":{"x":[0.167],"y":[0.167]},"n":["0p833_0p833_0p167_0p167"],"t":86,"s":[0.2980392,0.4431373,0.9529412,1],"e":[0.870588,0.886275,0.929412,1]},{"t":90}]},"o":{"a":0,"k":100},"r":1,"nm":"Fill 1","mn":"ADBE Vector Graphic - Fill"}],"ip":0,"op":90,"st":0,"bm":0,"sr":1},{"ddd":0,"ind":2,"ty":4,"nm":"Combined Shape","ks":{"o":{"a":0,"k":100},"r":{"a":0,"k":0},"p":{"a":1,"k":[{"i":{"x":0.351,"y":1},"o":{"x":0.627,"y":0},"n":"0p351_1_0p627_0","t":8,"s":[307,75,0],"e":[307,53,0],"to":[0,-3.66666674613953,0],"ti":[0,0,0]},{"i":{"x":0.351,"y":1},"o":{"x":0.627,"y":0},"n":"0p351_1_0p627_0","t":13,"s":[307,53,0],"e":[307,75,0],"to":[0,0,0],"ti":[0,-3.66666674613953,0]},{"i":{"x":0.667,"y":0.667},"o":{"x":0.333,"y":0.333},"n":"0p667_0p667_0p333_0p333","t":18,"s":[307,75,0],"e":[307,75,0],"to":[0,0,0],"ti":[0,0,0]},{"i":{"x":0.351,"y":1},"o":{"x":0.627,"y":0},"n":"0p351_1_0p627_0","t":24,"s":[307,75,0],"e":[307,53,0],"to":[0,-3.66666674613953,0],"ti":[0,0,0]},{"i":{"x":0.351,"y":1},"o":{"x":0.627,"y":0},"n":"0p351_1_0p627_0","t":29,"s":[307,53,0],"e":[307,75,0],"to":[0,0,0],"ti":[0,-3.66666674613953,0]},{"i":{"x":0.667,"y":0.667},"o":{"x":0.167,"y":0.167},"n":"0p667_0p667_0p167_0p167","t":34,"s":[307,75,0],"e":[307,75,0],"to":[0,0,0],"ti":[0,0,0]},{"i":{"x":0.351,"y":1},"o":{"x":0.627,"y":0},"n":"0p351_1_0p627_0","t":39,"s":[307,75,0],"e":[307,53,0],"to":[0,-3.66666674613953,0],"ti":[0,0,0]},{"i":{"x":0.351,"y":1},"o":{"x":0.627,"y":0},"n":"0p351_1_0p627_0","t":44,"s":[307,53,0],"e":[307,75,0],"to":[0,0,0],"ti":[0,-3.66666674613953,0]},{"i":{"x":0.667,"y":0.667},"o":{"x":0.333,"y":0.333},"n":"0p667_0p667_0p333_0p333","t":49,"s":[307,75,0],"e":[307,75,0],"to":[0,0,0],"ti":[0,0,0]},{"i":{"x":0.351,"y":1},"o":{"x":0.627,"y":0},"n":"0p351_1_0p627_0","t":55,"s":[307,75,0],"e":[307,53,0],"to":[0,-3.66666674613953,0],"ti":[0,0,0]},{"i":{"x":0.351,"y":1},"o":{"x":0.627,"y":0},"n":"0p351_1_0p627_0","t":60,"s":[307,53,0],"e":[307,75,0],"to":[0,0,0],"ti":[0,-3.66666674613953,0]},{"t":65}]},"a":{"a":0,"k":[0,0,0]},"s":{"a":0,"k":[100,100,100]}},"ao":0,"shapes":[{"ty":"gr","it":[{"ty":"rc","d":1,"s":{"a":0,"k":[24,32]},"p":{"a":0,"k":[0,8]},"r":{"a":0,"k":0},"nm":"Rectangle Path 1","mn":"ADBE Vector Shape - Rect"},{"ind":1,"ty":"sh","ix":2,"ks":{"a":0,"k":{"i":[[0,0],[0,0],[0,0]],"o":[[0,0],[0,0],[0,0]],"v":[[0,-24],[24,0],[-24,0]],"c":true}},"nm":"Path 1","mn":"ADBE Vector Shape - Group"},{"ty":"mm","mm":2,"nm":"Merge Paths 1","mn":"ADBE Vector Filter - Merge"},{"ty":"fl","c":{"a":1,"k":[{"i":{"x":[0.833],"y":[0.833]},"o":{"x":[0.167],"y":[0.167]},"n":["0p833_0p833_0p167_0p167"],"t":3,"s":[0.870588,0.886275,0.929412,1],"e":[0.2980392,0.4431373,0.9529412,1]},{"i":{"x":[0.833],"y":[0.833]},"o":{"x":[0.167],"y":[0.167]},"n":["0p833_0p833_0p167_0p167"],"t":8,"s":[0.2980392,0.4431373,0.9529412,1],"e":[0.2980392,0.4431373,0.9529412,1]},{"i":{"x":[0.833],"y":[0.833]},"o":{"x":[0.167],"y":[0.167]},"n":["0p833_0p833_0p167_0p167"],"t":65,"s":[0.2980392,0.4431373,0.9529412,1],"e":[0.870588,0.886275,0.929412,1]},{"t":69}]},"o":{"a":0,"k":100},"r":1,"nm":"Fill 1","mn":"ADBE Vector Graphic - Fill"},{"ty":"tr","p":{"a":0,"k":[0,0],"ix":2},"a":{"a":0,"k":[0,0],"ix":1},"s":{"a":0,"k":[100,100],"ix":3},"r":{"a":0,"k":0,"ix":6},"o":{"a":0,"k":100,"ix":7},"sk":{"a":0,"k":0,"ix":4},"sa":{"a":0,"k":0,"ix":5},"nm":"Transform"}],"nm":"Combined Shape","np":4,"cix":2,"ix":1,"mn":"ADBE Vector Group"}],"ip":0,"op":90,"st":0,"bm":0,"sr":1},{"ddd":0,"ind":3,"ty":5,"nm":"+120","ks":{"o":{"a":0,"k":100},"r":{"a":0,"k":0},"p":{"a":0,"k":[307,158.203,0]},"a":{"a":0,"k":[0,0,0]},"s":{"a":0,"k":[100,100,100]}},"ao":0,"ef":[{"ty":5,"nm":"Slider Control","mn":"ADBE Slider Control","ix":1,"en":1,"ef":[{"ty":0,"nm":"Slider","mn":"ADBE Slider Control-0001","ix":1,"v":{"a":1,"k":[{"i":{"x":[0.833],"y":[0.833]},"o":{"x":[0.167],"y":[0.167]},"n":["0p833_0p833_0p167_0p167"],"t":8,"s":[120],"e":[335]},{"i":{"x":[0.833],"y":[0.833]},"o":{"x":[0.167],"y":[0.167]},"n":["0p833_0p833_0p167_0p167"],"t":18,"s":[335],"e":[335]},{"i":{"x":[0.833],"y":[0.833]},"o":{"x":[0.167],"y":[0.167]},"n":["0p833_0p833_0p167_0p167"],"t":24,"s":[335],"e":[547]},{"i":{"x":[0.833],"y":[0.833]},"o":{"x":[0.167],"y":[0.167]},"n":["0p833_0p833_0p167_0p167"],"t":34,"s":[547],"e":[547]},{"i":{"x":[0.833],"y":[0.833]},"o":{"x":[0.167],"y":[0.167]},"n":["0p833_0p833_0p167_0p167"],"t":39,"s":[547],"e":[760]},{"i":{"x":[0.833],"y":[0.833]},"o":{"x":[0.167],"y":[0.167]},"n":["0p833_0p833_0p167_0p167"],"t":49,"s":[760],"e":[760]},{"i":{"x":[0.833],"y":[0.833]},"o":{"x":[0.167],"y":[0.167]},"n":["0p833_0p833_0p167_0p167"],"t":55,"s":[760],"e":[999]},{"i":{"x":[0.833],"y":[0.833]},"o":{"x":[0.167],"y":[0.167]},"n":["0p833_0p833_0p167_0p167"],"t":65,"s":[999],"e":[999]},{"i":{"x":[0.833],"y":[0.833]},"o":{"x":[0.167],"y":[0.167]},"n":["0p833_0p833_0p167_0p167"],"t":72,"s":[999],"e":[120]},{"t":86}]}}]}],"t":{"d":{"x":"var $bm_rt;\n$bm_rt = sum('+', Math.round(effect('Slider Control')('Slider')));","k":[{"s":{"s":32,"f":"OpenSans-Bold","t":"+120","j":2,"tr":0,"lh":38.4,"ls":0,"fc":[0.3,0.44,0.95]},"t":0}]},"p":{},"m":{"g":1,"a":{"a":0,"k":[0,0]}},"a":[]},"ip":0,"op":90,"st":0,"bm":0,"sr":1},{"ddd":0,"ind":4,"ty":4,"nm":"Combined Shape","ks":{"o":{"a":0,"k":100},"r":{"a":0,"k":0},"p":{"a":0,"k":[125,212.586,0]},"a":{"a":0,"k":[0,0,0]},"s":{"a":0,"k":[100,100,100]}},"ao":0,"shapes":[{"ty":"gr","it":[{"ty":"rc","d":1,"s":{"a":0,"k":[32,22]},"p":{"a":0,"k":[0,-2.586]},"r":{"a":0,"k":2},"nm":"Rectangle Path 1","mn":"ADBE Vector Shape - Rect"},{"ty":"gr","it":[{"ind":0,"ty":"sh","ix":1,"ks":{"a":0,"k":{"i":[[0,0],[0,0],[0,0]],"o":[[0,0],[0,0],[0,0]],"v":[[0,8.414],[6,14.414],[-6,14.414]],"c":true}},"nm":"Path 1","mn":"ADBE Vector Shape - Group"},{"ty":"tr","p":{"a":0,"k":[0,22.5],"ix":2},"a":{"a":0,"k":[0,0],"ix":1},"s":{"a":0,"k":[100,-100],"ix":3},"r":{"a":0,"k":0,"ix":6},"o":{"a":0,"k":100,"ix":7},"sk":{"a":0,"k":0,"ix":4},"sa":{"a":0,"k":0,"ix":5},"nm":"Transform"}],"nm":"Group 1","np":1,"cix":2,"ix":2,"mn":"ADBE Vector Group"},{"ty":"mm","mm":2,"nm":"Merge Paths 1","mn":"ADBE Vector Filter - Merge"},{"ty":"fl","c":{"a":0,"k":[0.870588,0.886275,0.929412,1]},"o":{"a":0,"k":100},"r":1,"nm":"Fill 1","mn":"ADBE Vector Graphic - Fill"},{"ty":"tr","p":{"a":0,"k":[0,0],"ix":2},"a":{"a":0,"k":[0,0],"ix":1},"s":{"a":0,"k":[100,100],"ix":3},"r":{"a":0,"k":0,"ix":6},"o":{"a":0,"k":100,"ix":7},"sk":{"a":0,"k":0,"ix":4},"sa":{"a":0,"k":0,"ix":5},"nm":"Transform"}],"nm":"Combined Shape","np":4,"cix":2,"ix":1,"mn":"ADBE Vector Group"}],"ip":0,"op":90,"st":0,"bm":0,"sr":1},{"ddd":0,"ind":5,"ty":4,"nm":"eye ","ks":{"o":{"a":0,"k":100},"r":{"a":0,"k":0},"p":{"a":0,"k":[126,158,0]},"a":{"a":0,"k":[0,0,0]},"s":{"a":0,"k":[100,100,100]}},"ao":0,"shapes":[{"ty":"gr","it":[{"ind":0,"ty":"sh","ix":1,"ks":{"a":0,"k":{"i":[[8.41,0],[5.63,-7.4],[-0.45,-0.61],[-8.41,0],[-5.63,7.4],[0.45,0.61]],"o":[[-8.41,0],[-0.45,0.61],[5.63,7.41],[8.41,0],[0.45,-0.61],[-5.63,-7.41]],"v":[[0,-13],[-21.66,-1.04],[-21.66,1.03],[0,13],[21.66,1.04],[21.66,-1.03]],"c":true}},"nm":"Path 1","mn":"ADBE Vector Shape - Group"},{"ind":1,"ty":"sh","ix":2,"ks":{"a":0,"k":{"i":[[4.6,-0.3],[-0.35,5.54],[-4.61,0.28],[0.35,-5.54]],"o":[[-5.58,0.35],[0.29,-4.57],[5.58,-0.35],[-0.3,4.56]],"v":[[0.606,9.157],[-9.234,-0.593],[-0.604,-9.153],[9.236,0.597]],"c":true}},"nm":"Path 2","mn":"ADBE Vector Shape - Group"},{"ind":2,"ty":"sh","ix":3,"ks":{"a":0,"k":{"i":[[2.48,-0.15],[-0.2,2.98],[-2.48,0.16],[0.19,-2.98]],"o":[[-3,0.19],[0.15,-2.46],[3.01,-0.19],[-0.17,2.47]],"v":[[0.321,4.926],[-4.969,-0.324],[-0.319,-4.934],[4.981,0.316]],"c":true}},"nm":"Path 3","mn":"ADBE Vector Shape - Group"},{"ty":"mm","mm":1,"nm":"Merge Paths 1","mn":"ADBE Vector Filter - Merge"},{"ty":"fl","c":{"a":0,"k":[0.870588,0.886275,0.929412,1]},"o":{"a":0,"k":100},"r":1,"nm":"Fill 1","mn":"ADBE Vector Graphic - Fill"},{"ty":"tr","p":{"a":0,"k":[0,0],"ix":2},"a":{"a":0,"k":[0,0],"ix":1},"s":{"a":0,"k":[100,100],"ix":3},"r":{"a":0,"k":0,"ix":6},"o":{"a":0,"k":100,"ix":7},"sk":{"a":0,"k":0,"ix":4},"sa":{"a":0,"k":0,"ix":5},"nm":"Transform"}],"nm":"eye ","np":5,"cix":2,"ix":1,"mn":"ADBE Vector Group"}],"ip":0,"op":90,"st":0,"bm":0,"sr":1},{"ddd":0,"ind":6,"ty":5,"nm":"comments","ks":{"o":{"a":0,"k":100},"r":{"a":0,"k":0},"p":{"a":0,"k":[166,219.402,0]},"a":{"a":0,"k":[0,0,0]},"s":{"a":0,"k":[100,100,100]}},"ao":0,"ef":[{"ty":5,"nm":"Slider Control","mn":"ADBE Slider Control","ix":1,"en":1,"ef":[{"ty":0,"nm":"Slider","mn":"ADBE Slider Control-0001","ix":1,"v":{"a":1,"k":[{"i":{"x":[0.833],"y":[0.833]},"o":{"x":[0.167],"y":[0.167]},"n":["0p833_0p833_0p167_0p167"],"t":8,"s":[220],"e":[940]},{"i":{"x":[0.833],"y":[0.833]},"o":{"x":[0.167],"y":[0.167]},"n":["0p833_0p833_0p167_0p167"],"t":65,"s":[940],"e":[940]},{"i":{"x":[0.833],"y":[0.833]},"o":{"x":[0.167],"y":[0.167]},"n":["0p833_0p833_0p167_0p167"],"t":72,"s":[940],"e":[220]},{"t":86}]}}]}],"t":{"d":{"x":"var $bm_rt;\n$bm_rt = Math.round(effect('Slider Control')('Slider'));","k":[{"s":{"s":24,"f":"OpenSans","t":"220","j":0,"tr":0,"lh":28.8,"ls":0,"fc":[0.55,0.56,0.65]},"t":0}]},"p":{},"m":{"g":1,"a":{"a":0,"k":[0,0]}},"a":[]},"ip":0,"op":90,"st":0,"bm":0,"sr":1},{"ddd":0,"ind":7,"ty":5,"nm":"views","ks":{"o":{"a":0,"k":100},"r":{"a":0,"k":0},"p":{"a":0,"k":[166,165.402,0]},"a":{"a":0,"k":[0,0,0]},"s":{"a":0,"k":[100,100,100]}},"ao":0,"ef":[{"ty":5,"nm":"Slider Control","mn":"ADBE Slider Control","ix":1,"en":1,"ef":[{"ty":0,"nm":"Slider","mn":"ADBE Slider Control-0001","ix":1,"v":{"a":1,"k":[{"i":{"x":[0.833],"y":[0.833]},"o":{"x":[0.167],"y":[0.167]},"n":["0p833_0p833_0p167_0p167"],"t":8,"s":[500],"e":[1932]},{"i":{"x":[0.833],"y":[0.833]},"o":{"x":[0.167],"y":[0.167]},"n":["0p833_0p833_0p167_0p167"],"t":65,"s":[1932],"e":[1932]},{"i":{"x":[0.833],"y":[0.833]},"o":{"x":[0.167],"y":[0.167]},"n":["0p833_0p833_0p167_0p167"],"t":72,"s":[1932],"e":[500]},{"t":86}]}}]}],"t":{"d":{"x":"var $bm_rt;\n$bm_rt = Math.round(effect('Slider Control')('Slider'));","k":[{"s":{"s":24,"f":"OpenSans","t":"500","j":0,"tr":0,"lh":28.8,"ls":0,"fc":[0.55,0.56,0.65]},"t":0}]},"p":{},"m":{"g":1,"a":{"a":0,"k":[0,0]}},"a":[]},"ip":0,"op":90,"st":0,"bm":0,"sr":1},{"ddd":0,"ind":8,"ty":5,"nm":"Category","ks":{"o":{"a":0,"k":100},"r":{"a":0,"k":0},"p":{"a":0,"k":[111.312,115.217,0]},"a":{"a":0,"k":[0,0,0]},"s":{"a":0,"k":[100,100,100]}},"ao":0,"t":{"d":{"k":[{"s":{"s":12,"f":"OpenSans-Bold","t":"Арбитраж","j":0,"tr":0,"lh":14.4,"ls":0,"fc":[0.55,0.56,0.65]},"t":0}]},"p":{},"m":{"g":1,"a":{"a":0,"k":[0,0]}},"a":[]},"ip":0,"op":90,"st":0,"bm":0,"sr":1},{"ddd":0,"ind":9,"ty":4,"nm":"line","ks":{"o":{"a":0,"k":100},"r":{"a":0,"k":0},"p":{"a":0,"k":[102.406,111,0]},"a":{"a":0,"k":[0,0,0]},"s":{"a":0,"k":[100,100,100]}},"ao":0,"shapes":[{"ty":"gr","it":[{"ty":"rc","d":1,"s":{"a":0,"k":[2.812,16]},"p":{"a":0,"k":[0,0]},"r":{"a":0,"k":2.812},"nm":"Rectangle Path 1","mn":"ADBE Vector Shape - Rect"},{"ty":"fl","c":{"a":0,"k":[0.298039,0.443137,0.952941,1]},"o":{"a":0,"k":100},"r":1,"nm":"Fill 1","mn":"ADBE Vector Graphic - Fill"},{"ty":"tr","p":{"a":0,"k":[0,0],"ix":2},"a":{"a":0,"k":[0,0],"ix":1},"s":{"a":0,"k":[100,100],"ix":3},"r":{"a":0,"k":0,"ix":6},"o":{"a":0,"k":100,"ix":7},"sk":{"a":0,"k":0,"ix":4},"sa":{"a":0,"k":0,"ix":5},"nm":"Transform"}],"nm":"line","np":2,"cix":2,"ix":1,"mn":"ADBE Vector Group"}],"ip":0,"op":90,"st":0,"bm":0,"sr":1},{"ddd":0,"ind":10,"ty":4,"nm":"bg","ks":{"o":{"a":0,"k":100},"r":{"a":0,"k":0},"p":{"a":0,"k":[222,169.5,0]},"a":{"a":0,"k":[0,0,0]},"s":{"a":0,"k":[100,100,100]}},"ao":0,"ef":[{"ty":25,"nm":"Drop Shadow","mn":"ADBE Drop Shadow","ix":1,"en":1,"ef":[{"ty":2,"nm":"Shadow Color","mn":"ADBE Drop Shadow-0001","ix":1,"v":{"a":0,"k":[0.109804,0.12549,0.27451,0.17]}},{"ty":0,"nm":"Opacity","mn":"ADBE Drop Shadow-0002","ix":2,"v":{"a":0,"k":43.35}},{"ty":0,"nm":"Direction","mn":"ADBE Drop Shadow-0003","ix":3,"v":{"a":0,"k":180}},{"ty":0,"nm":"Distance","mn":"ADBE Drop Shadow-0004","ix":4,"v":{"a":0,"k":2}},{"ty":0,"nm":"Softness","mn":"ADBE Drop Shadow-0005","ix":5,"v":{"a":0,"k":15}},{"ty":7,"nm":"Shadow Only","mn":"ADBE Drop Shadow-0006","ix":6,"v":{"a":0,"k":0}},{"ty":7,"nm":"GPU Rendering","mn":"ADBE Force CPU GPU","ix":7,"v":{"a":0,"k":1}}]}],"shapes":[{"ty":"gr","it":[{"ty":"rc","d":1,"s":{"a":0,"k":[280,171]},"p":{"a":0,"k":[0,0]},"r":{"a":0,"k":6},"nm":"Rectangle Path 1","mn":"ADBE Vector Shape - Rect"},{"ty":"fl","c":{"a":0,"k":[1,1,1,1]},"o":{"a":0,"k":100},"r":1,"nm":"Fill 1","mn":"ADBE Vector Graphic - Fill"},{"ty":"tr","p":{"a":0,"k":[0,0],"ix":2},"a":{"a":0,"k":[0,0],"ix":1},"s":{"a":0,"k":[100,100],"ix":3},"r":{"a":0,"k":0,"ix":6},"o":{"a":0,"k":100,"ix":7},"sk":{"a":0,"k":0,"ix":4},"sa":{"a":0,"k":0,"ix":5},"nm":"Transform"}],"nm":"bg","np":2,"cix":2,"ix":1,"mn":"ADBE Vector Group"}],"ip":0,"op":90,"st":0,"bm":0,"sr":1},{"ddd":0,"ind":11,"ty":4,"nm":"CircleBG","ks":{"o":{"a":0,"k":100},"r":{"a":0,"k":0},"p":{"a":1,"k":[{"i":{"x":0.833,"y":0.833},"o":{"x":0.167,"y":0.167},"n":"0p833_0p833_0p167_0p167","t":0,"s":[127.5,125,0],"e":[140.5,113,0],"to":[2.16666674613953,-2,0],"ti":[1.56681835651398,2.18191123008728,0]},{"i":{"x":0.833,"y":0.833},"o":{"x":0.167,"y":0.167},"n":"0p833_0p833_0p167_0p167","t":28,"s":[140.5,113,0],"e":[118.099,111.909,0],"to":[-1.56681835651398,-2.18191123008728,0],"ti":[2.16666674613953,-2,0]},{"i":{"x":0.833,"y":0.833},"o":{"x":0.167,"y":0.167},"n":"0p833_0p833_0p167_0p167","t":58,"s":[118.099,111.909,0],"e":[127.5,125,0],"to":[-2.16666674613953,2,0],"ti":[-1.56681835651398,-2.18191123008728,0]},{"t":89}]},"a":{"a":0,"k":[0,0,0]},"s":{"a":0,"k":[100,100,100]}},"ao":0,"shapes":[{"ty":"gr","it":[{"ind":0,"ty":"sh","ix":1,"ks":{"a":0,"k":{"i":[[-49.43,0],[0,49.71],[49.43,0],[0,-49.71]],"o":[[49.43,0],[0,-49.71],[-49.43,0],[0,49.71]],"v":[[0,90],[89.5,0],[0,-90],[-89.5,0]],"c":true}},"nm":"Path 1","mn":"ADBE Vector Shape - Group"},{"ty":"gf","o":{"a":0,"k":100},"r":1,"g":{"p":5,"k":{"a":0,"k":[0,0.129,0.82,1,0.245,0.184,0.678,1,0.49,0.239,0.537,1,0.745,0.333,0.388,0.925,1,0.427,0.239,0.851]}},"s":{"a":0,"k":[-47.159,-71.677]},"e":{"a":0,"k":[49.971,68.521]},"t":1,"nm":"Gradient Fill 1","mn":"ADBE Vector Graphic - G-Fill"},{"ty":"tr","p":{"a":0,"k":[0,0],"ix":2},"a":{"a":0,"k":[0,0],"ix":1},"s":{"a":0,"k":[100,100],"ix":3},"r":{"a":0,"k":0,"ix":6},"o":{"a":0,"k":100,"ix":7},"sk":{"a":0,"k":0,"ix":4},"sa":{"a":0,"k":0,"ix":5},"nm":"Transform"}],"nm":"CircleBG","np":2,"cix":2,"ix":1,"mn":"ADBE Vector Group"}],"ip":0,"op":90,"st":0,"bm":0,"sr":1}]}